Rank,Mark,Competitor,DOB,Nat,Pos,Venue,Date,ResultsScore,Breakdown,100-metres,long-jump,shot-put,high-jump,400-metres,110-metres-hurdles,discus-throw,pole-vault,javelin-throw,1500-metres,100-metres_wind,long-jump_wind,110-metres-hurdles_wind
1,9126,KevinMAYER,10FEB1992,FRA,1,"StadePierrePaulBernard,Talence(FRA)",16SEP2018,1302, 10.55/+0.3 - 7.80/+1.2 - 16.00 - 2.05 - 48.42 / 13.75/-1.1 - 50.54 - 5.45 - 71.90 - 4:36.11 ,10.55,7.80,16.00,2.05,48.42,13.75,50.54,5.45,71.90,4:36.11,+0.3,+1.2,-1.1
2,9045,AshtonEATON,21JAN1988,USA,1,"NationalStadium,Beijing(CHN)",29AUG2015,1289, 10.23/-0.4 - 7.88/0.0 - 14.52 - 2.01 - 45.00 / 13.69/-0.2 - 43.34 - 5.20 - 63.63 - 4:17.52 ,10.23,7.88,14.52,2.01,45.00,13.69,43.34,5.20,63.63,4:17.52,-0.4,0.0,-0.2
3,9026,RomanŠEBRLE,26NOV1974,CZE,1,Götzis(AUT),27MAY2001,1286, 10.64/0.0 - 8.11/+1.9 - 15.33 - 2.12 - 47.79 / 13.92/-0.2 - 47.92 - 4.80 - 70.16 - 4:21.98 ,10.64,8.11,15.33,2.12,47.79,13.92,47.92,4.80,70.16,4:21.98,0.0,+1.9,-0.2
4,8994,TomášDVOŘÁK,11MAY1972,CZE,1,Praha(CZE),04JUL1999,1281, 10.54/-0.1 - 7.90/+1.1 - 16.78 - 2.04 - 48.08 / 13.73/0.0 - 48.33 - 4.90 - 72.32 - 4:37.20 ,10.54,7.90,16.78,2.04,48.08,13.73,48.33,4.90,72.32,4:37.20,-0.1,+1.1,0.0
5,8891,DanO'BRIEN,18JUL1966,USA,1,Talence(FRA),05SEP1992,1265, 10.43/+2.1 - 8.08/+1.8 - 16.69 - 2.07 - 48.51 / 13.98/-0.5 - 48.56 - 5.00 - 62.58 - 4:42.10 ,10.43,8.08,16.69,2.07,48.51,13.98,48.56,5.00,62.58,4:42.10,+2.1,+1.8,-0.5
6,8832,BryanCLAY,03JAN1980,USA,1,"Eugene,OR(USA)",30JUN2008,1256, 10.39/-0.4 - 7.39/-1.6 - 15.17 - 2.08 - 48.41 / 13.75/+1.9 - 52.74 - 5.00 - 70.55 - 4:50.97 ,10.39,7.39,15.17,2.08,48.41,13.75,52.74,5.00,70.55,4:50.97,-0.4,-1.6,+1.9
7,8815,ErkiNOOL,25JUN1970,EST,2,"CommonwealthStadium,Edmonton(CAN)",07AUG2001,1253, 10.60/+1.5 - 7.63/+2.0 - 14.90 - 2.03 - 46.23 / 14.40/0.0 - 43.40 - 5.40 - 67.01 - 4:29.58 ,10.60,7.63,14.90,2.03,46.23,14.40,43.40,5.40,67.01,4:29.58,+1.5,+2.0,0.0
8,8811,DaleyTHOMPSON,30JUL1958,GBR,1,"Neckarstadion,Stuttgart(GER)",28AUG1986,1252, 10.26/+2.0 - 7.72/+1.0 - 15.73 - 2.00 - 47.02 / 14.04/-0.3 - 43.38 - 5.10 - 62.78 - 4:26.16 ,10.26,7.72,15.73,2.00,47.02,14.04,43.38,5.10,62.78,4:26.16,+2.0,+1.0,-0.3
9,8795,DamianWARNER,04NOV1989,CAN,1,"Mösle-Stadium,Götzis(AUT)",27MAY2018,1250, 10.31/+0.6 - 7.81/+0.5 - 14.83 - 2.03 - 47.72 / 13.56/0.0 - 47.32 - 4.80 - 61.94 - 4:26.59 ,10.31,7.81,14.83,2.03,47.72,13.56,47.32,4.80,61.94,4:26.59,+0.6,+0.5,0.0
10,8790,TreyHARDEE,07FEB1984,USA,1,"Olympiastadion,Berlin(GER)",20AUG2009,1249, 10.45/+0.2 - 7.83/+1.9 - 15.33 - 1.99 - 48.13 / 13.86/+0.3 - 48.08 - 5.20 - 68.00 - 4:48.91 ,10.45,7.83,15.33,1.99,48.13,13.86,48.08,5.20,68.00,4:48.91,+0.2,+1.9,+0.3
11,8784,TomPAPPAS,06SEP1976,USA,1,"PaloAlto,CA(USA)",22JUN2003,1248, 10.78/+0.2 - 7.96/+1.4 - 16.28 - 2.17 - 48.22 / 14.13/+1.7 - 45.84 - 5.20 - 60.77 - 4:48.12 ,10.78,7.96,16.28,2.17,48.22,14.13,45.84,5.20,60.77,4:48.12,+0.2,+1.4,+1.7
12,8735,EduardHÄMÄLÄINEN,21JAN1969,BLR,1,Götzis(AUT),29MAY1994,1240, 10.50/+2.1 - 7.26/+1.0 - 16.05 - 2.11 - 47.63 / 13.82/-3.0 - 49.70 - 4.90 - 60.32 - 4:35.09 ,10.50,7.26,16.05,2.11,47.63,13.82,49.70,4.90,60.32,4:35.09,+2.1,+1.0,-3.0
13,8730,JürgenHINGSEN,15APR1958,FRG,2,"Neckarstadion,Stuttgart(GER)",28AUG1986,1240, 10.87/+2.5 - 7.89/+2.8 - 16.46 - 2.12 - 48.79 / 14.52/-0.3 - 48.42 - 4.60 - 64.38 - 4:21.61 ,10.87,7.89,16.46,2.12,48.79,14.52,48.42,4.60,64.38,4:21.61,+2.5,+2.8,-0.3
14,8725,DmitriyKARPOV,23JUL1981,KAZ,3,"OlympicStadium,Athina(GRE)",24AUG2004,1239, 10.50/+2.2 - 7.81/-0.9 - 15.93 - 2.09 - 46.81 / 13.97/+1.5 - 51.65 - 4.60 - 55.54 - 4:38.11 ,10.50,7.81,15.93,2.09,46.81,13.97,51.65,4.60,55.54,4:38.11,+2.2,-0.9,+1.5
15,8706,FrankBUSEMANN,26FEB1975,GER,2,"OlympicStadium,Atlanta,GA(USA)",01AUG1996,1236, 10.60/ - 8.07/+0.8 - 13.60 - 2.04 - 48.34 / 13.47/+0.3 - 45.04 - 4.80 - 66.86 - 4:31.41 ,10.60,8.07,13.60,2.04,48.34,13.47,45.04,4.80,66.86,4:31.41,,+0.8,+0.3
16,8705,DaveJOHNSON,07APR1963,USA,1,"Azusa,CA(USA)",24APR1992,1236, 10.96/+0.4 - 7.52/+4.5 - 14.61 - 2.04 - 48.19 / 14.17/+0.3 - 49.88 - 5.28 - 66.96 - 4:29.38 ,10.96,7.52,14.61,2.04,48.19,14.17,49.88,5.28,66.96,4:29.38,+0.4,+4.5,+0.3
17,8694,ChrisHUFFINS,19APR1970,USA,1,"NewOrleans,LA(USA)",20JUN1998,1234, 10.31/+3.5 - 7.76/+2.5 - 15.43 - 2.18 - 49.02 / 14.02/+1.0 - 53.22 - 4.60 - 61.59 - 4:59.43 ,10.31,7.76,15.43,2.18,49.02,14.02,53.22,4.60,61.59,4:59.43,+3.5,+2.5,+1.0
18,8691,NiklasKAUL,11FEB1998,GER,1,"KhalifaInternationalStadium,Doha(QAT)",04OCT2019,1234, 11.27/+0.3 - 7.19/+0.6 - 15.10 - 2.02 - 48.48 / 14.64/+0.7 - 49.20 - 5.00 - 79.05 - 4:15.70 ,11.27,7.19,15.10,2.02,48.48,14.64,49.20,5.00,79.05,4:15.70,+0.3,+0.6,+0.7
19,8676,SiegfriedWENTZ,07MAR1960,FRG,3,"Neckarstadion,Stuttgart(GER)",28AUG1986,1231, 10.83/+2.0 - 7.60/+0.3 - 15.45 - 2.12 - 47.57 / 14.07/-0.3 - 45.66 - 4.90 - 65.34 - 4:35.00 ,10.83,7.60,15.45,2.12,47.57,14.07,45.66,4.90,65.34,4:35.00,+2.0,+0.3,-0.3
20,8670,MichaelSCHRADER,01JUL1987,GER,2,"Luzhniki,Moskva(RUS)",11AUG2013,1230, 10.73/-0.5 - 7.85/+0.2 - 14.56 - 1.99 - 47.66 / 14.29/+0.4 - 46.44 - 5.00 - 65.67 - 4:25.38 ,10.73,7.85,14.56,1.99,47.66,14.29,46.44,5.00,65.67,4:25.38,-0.5,+0.2,+0.4
21,8667,GuidoKRATSCHMER,10JAN1953,FRG,1,Filderstadt(GER),14JUN1980,1230, N/A - N/A - N/A - N/A - N/A / N/A - N/A - N/A - N/A - N/A ,N,N,N/A,N/A,N/A,N,N/A,N/A,N/A,N/A,A,A,A
22,8663,RicoFREIMUTH,14MAR1988,GER,1,"Stadionring,Ratingen(GER)",25JUN2017,1229, 10.44/+3.3 - 7.60/+1.5 - 14.87 - 2.01 - 48.76 / 13.87/+0.7 - 51.56 - 4.90 - 62.33 - 4:37.04 ,10.44,7.60,14.87,2.01,48.76,13.87,51.56,4.90,62.33,4:37.04,+3.3,+1.5,+0.7
23,8654,LeonelSUÁREZ,01SEP1987,CUB,1,LaHabana(CUB),04JUL2009,1228, 11.07/+0.7 - 7.42/+0.8 - 14.39 - 2.09 - 47.65 / 14.15/-0.6 - 46.07 - 4.70 - 77.47 - 4:27.29 ,11.07,7.42,14.39,2.09,47.65,14.15,46.07,4.70,77.47,4:27.29,+0.7,+0.8,-0.6
24,8644,SteveFRITZ,01NOV1967,USA,4,"OlympicStadium,Atlanta,GA(USA)",01AUG1996,1226, 10.90/+0.8 - 7.77/+0.9 - 15.31 - 2.04 - 50.13 / 13.97/+0.3 - 49.84 - 5.10 - 65.70 - 4:38.26 ,10.90,7.77,15.31,2.04,50.13,13.97,49.84,5.10,65.70,4:38.26,+0.8,+0.9,+0.3
24,8644,MauriceSMITH,28SEP1980,JAM,2,"NagaiStadium,Osaka(JPN)",01SEP2007,1226, 10.62/+0.7 - 7.50/0.0 - 17.32 - 1.97 - 47.48 / 13.91/-0.2 - 52.36 - 4.80 - 53.61 - 4:33.52 ,10.62,7.50,17.32,1.97,47.48,13.91,52.36,4.80,53.61,4:33.52,+0.7,0.0,-0.2
26,8627,RobertZMĚLÍK,18APR1969,TCH,1,Götzis(AUT),31MAY1992,1224, 10.62/+2.1 - 8.02/+0.2 - 13.93 - 2.05 - 48.73 / 13.84/+1.2 - 44.44 - 4.90 - 61.26 - 4:24.83 ,10.62,8.02,13.93,2.05,48.73,13.84,44.44,4.90,61.26,4:24.83,+2.1,+0.2,+1.2
27,8626,MichaelSMITH,16SEP1967,CAN,1,Götzis(AUT),26MAY1996,1223, 11.23/-0.6 - 7.72/+0.6 - 16.94 - 1.97 - 48.69 / 14.77/-2.4 - 52.90 - 4.90 - 71.22 - 4:41.95 ,11.23,7.72,16.94,1.97,48.69,14.77,52.90,4.90,71.22,4:41.95,-0.6,+0.6,-2.4
28,8617,AndreiKRAUCHANKA,04JAN1986,BLR,1,"Mösle-Stadium,Götzis(AUT)",27MAY2007,1222, 10.86/+0.2 - 7.90/+0.9 - 13.89 - 2.15 - 47.46 / 14.05/-0.1 - 39.63 - 5.00 - 64.35 - 4:29.10 ,10.86,7.90,13.89,2.15,47.46,14.05,39.63,5.00,64.35,4:29.10,+0.2,+0.9,-0.1
29,8605,ArthurABELE,30JUL1986,GER,1,"Stadionring,Ratingen(GER)",26JUN2016,1220, 10.95/-0.6 - 7.48/+0.4 - 15.79 - 1.98 - 49.43 / 14.07/-0.9 - 46.20 - 4.90 - 71.89 - 4:24.12 ,10.95,7.48,15.79,1.98,49.43,14.07,46.20,4.90,71.89,4:24.12,-0.6,+0.4,-0.9
30,8604,MaicelUIBO,27DEC1992,EST,2,"KhalifaInternationalStadium,Doha(QAT)",04OCT2019,1220, 11.10/+0.3 - 7.46/+0.2 - 15.12 - 2.17 - 50.44 / 14.43/+0.2 - 46.64 - 5.40 - 63.83 - 4:31.51 ,11.10,7.46,15.12,2.17,50.44,14.43,46.64,5.40,63.83,4:31.51,+0.3,+0.2,+0.2
31,8603,DeanMACEY,12DEC1977,GBR,3,"CommonwealthStadium,Edmonton(CAN)",07AUG2001,1220, 10.72/-0.7 - 7.59/+0.4 - 15.41 - 2.15 - 46.21 / 14.34/0.0 - 46.96 - 4.70 - 54.61 - 4:29.05 ,10.72,7.59,15.41,2.15,46.21,14.34,46.96,4.70,54.61,4:29.05,-0.7,+0.4,0.0
32,8601,IlyaSHKURENYOV,11JAN1991,RUS,1,Smolensk(RUS),10JUN2017,1220, 10.89/+0.7 - 7.58/+0.9 - 14.15 - 2.12 - 49.00 / 13.95/+1.4 - 44.91 - 5.30 - 60.29 - 4:28.35 ,10.89,7.58,14.15,2.12,49.00,13.95,44.91,5.30,60.29,4:28.35,+0.7,+0.9,+1.4
33,8580,KaiKAZMIREK,28JAN1991,GER,4,"EstádioOlímpico,RiodeJaneiro(BRA)",18AUG2016,1216, 10.78/-0.1 - 7.69/-1.0 - 14.20 - 2.10 - 46.75 / 14.62/+0.7 - 43.25 - 5.00 - 64.60 - 4:31.25 ,10.78,7.69,14.20,2.10,46.75,14.62,43.25,5.00,64.60,4:31.25,-0.1,-1.0,+0.7
34,8574,ChristianPLAZIAT,28OCT1963,FRA,1,"PoljudStadion,Split(CRO)",29AUG1990,1215, 10.72/-0.6 - 7.77/+1.1 - 14.19 - 2.10 - 47.10 / 13.98/+0.7 - 44.36 - 5.00 - 54.72 - 4:27.83 ,10.72,7.77,14.19,2.10,47.10,13.98,44.36,5.00,54.72,4:27.83,-0.6,+1.1,+0.7
34,8574,OleksandrYURKOV,21JUL1975,UKR,4,Götzis(AUT),04JUN2000,1215, 10.69/+0.9 - 7.93/+1.8 - 15.26 - 2.03 - 49.74 / 14.56/-0.9 - 47.85 - 5.15 - 58.92 - 4:32.49 ,10.69,7.93,15.26,2.03,49.74,14.56,47.85,5.15,58.92,4:32.49,+0.9,+1.8,-0.9
36,8573,JónArnarMAGNÚSSON,28JUL1969,ISL,3,Götzis(AUT),31MAY1998,1215, 10.74/+0.5 - 7.60/-0.2 - 16.03 - 2.03 - 47.66 / 14.24/-0.7 - 47.82 - 5.10 - 59.77 - 4:46.43 ,10.74,7.60,16.03,2.03,47.66,14.24,47.82,5.10,59.77,4:46.43,+0.5,-0.2,-0.7
37,8571,LevLOBODIN,01APR1969,RUS,3,"Népstadion,Budapest(HUN)",20AUG1998,1215, 10.66/+2.2 - 7.42/-0.2 - 15.67 - 2.03 - 48.65 / 13.97/+0.9 - 46.55 - 5.20 - 56.55 - 4:30.27 ,10.66,7.42,15.67,2.03,48.65,13.97,46.55,5.20,56.55,4:30.27,+2.2,-0.2,+0.9
38,8566,SebastianCHMARA,21NOV1971,POL,1,AlhamadeMurcia(ESP),17MAY1998,1214, 10.97/+2.9 - 7.56/-1.2 - 16.03 - 2.10 - 48.27 / 14.32/+1.8 - 44.39 - 5.20 - 57.25 - 4:29.66 ,10.97,7.56,16.03,2.10,48.27,14.32,44.39,5.20,57.25,4:29.66,+2.9,-1.2,+1.8
39,8558,PascalBEHRENBRUCH,19JAN1985,GER,1,Helsinki(FIN),28JUN2012,1213, 10.93/+0.8 - 7.15/-0.8 - 16.89 - 1.97 - 48.54 / 14.16/+0.2 - 48.24 - 5.00 - 67.45 - 4:34.02 ,10.93,7.15,16.89,1.97,48.54,14.16,48.24,5.00,67.45,4:34.02,+0.8,-0.8,+0.2
40,8554,AttilaZSIVOCZKY-PANDEL,29APR1977,HUN,5,Götzis(AUT),04JUN2000,1212, 10.64/+2.1 - 7.24/-1.0 - 15.72 - 2.18 - 48.13 / 14.87/-0.9 - 45.64 - 4.65 - 63.57 - 4:23.13 ,10.64,7.24,15.72,2.18,48.13,14.87,45.64,4.65,63.57,4:23.13,+2.1,-1.0,-0.9
41,8548,PaulMEIER,27JUL1971,GER,3,"Gottlieb-DaimlerStadion,Stuttgart(GER)",20AUG1993,1211, 10.57/+0.9 - 7.57/+1.1 - 15.45 - 2.15 - 47.73 / 14.63/0.0 - 45.72 - 4.60 - 61.22 - 4:32.05 ,10.57,7.57,15.45,2.15,47.73,14.63,45.72,4.60,61.22,4:32.05,+0.9,+1.1,0.0
42,8539,LindonVICTOR,23FEB1993,GRN,1,"Columbia,SC(USA)",12MAY2017,1210, 10.64/+3.6 - 7.35/+2.1 - 15.18 - 2.05 - 48.74 / 14.45/+1.8 - 55.22 - 4.70 - 68.97 - 4:55.91 ,10.64,7.35,15.18,2.05,48.74,14.45,55.22,4.70,68.97,4:55.91,+3.6,+2.1,+1.8
42,8539,EelcoSINTNICOLAAS,07APR1987,NED,2,"Mösle-Stadium,Götzis(AUT)",28MAY2017,1210, 10.57/+0.5 - 7.61/+0.6 - 14.62 - 1.91 - 48.37 / 14.16/-1.2 - 43.52 - 5.40 - 62.13 - 4:30.32 ,10.57,7.61,14.62,1.91,48.37,14.16,43.52,5.40,62.13,4:30.32,+0.5,+0.6,-1.2
44,8526,FranciscoJavierBENET,25MAR1968,ESP,2,AlhamadeMurcia(ESP),17MAY1998,1208, 10.72/+2.9 - 7.45/-1.2 - 14.57 - 1.92 - 48.10 / 13.83/+1.8 - 46.12 - 5.00 - 65.37 - 4:26.81 ,10.72,7.45,14.57,1.92,48.10,13.83,46.12,5.00,65.37,4:26.81,+2.9,-1.2,+1.8
44,8526,KristjanRAHNU,29AUG1979,EST,1,Arles(FRA),05JUN2005,1208, 10.52/+2.2 - 7.58/+1.6 - 15.51 - 1.99 - 48.60 / 14.04/+3.1 - 50.81 - 4.95 - 60.71 - 4:52.18 ,10.52,7.58,15.51,1.99,48.60,14.04,50.81,4.95,60.71,4:52.18,+2.2,+1.6,+3.1
46,8524,SébastienLEVICQ,25JUN1971,FRA,4,"LaCartuja,Sevilla(ESP)",25AUG1999,1208, 11.05/+0.2 - 7.52/-0.4 - 14.22 - 2.00 - 50.13 / 14.48/+0.6 - 44.65 - 5.50 - 69.01 - 4:26.81 ,11.05,7.52,14.22,2.00,50.13,14.48,44.65,5.50,69.01,4:26.81,+0.2,-0.4,+0.6
47,8521,LarbiBOURRADA,10MAY1988,ALG,5,"EstádioOlímpico,RiodeJaneiro(BRA)",18AUG2016,1207, 10.75/-0.4 - 7.52/+0.4 - 13.78 - 2.10 - 47.98 / 14.15/+0.4 - 42.39 - 4.60 - 66.49 - 4:14.60 ,10.75,7.52,13.78,2.10,47.98,14.15,42.39,4.60,66.49,4:14.60,-0.4,+0.4,+0.4
48,8519,HansVANALPHEN,12JAN1982,BEL,1,"Mösle-Stadium,Götzis(AUT)",27MAY2012,1207, 10.96/+1.0 - 7.62/+1.1 - 15.23 - 2.06 - 49.54 / 14.55/+0.4 - 45.45 - 4.96 - 64.15 - 4:20.87 ,10.96,7.62,15.23,2.06,49.54,14.55,45.45,4.96,64.15,4:20.87,+1.0,+1.1,+0.4
49,8509,KurtFELIX,04JUL1988,GRN,2,"Stadionring,Ratingen(GER)",25JUN2017,1205, 10.91/+3.3 - 7.68/-0.8 - 15.31 - 2.07 - 48.67 / 14.92/+0.7 - 50.59 - 4.50 - 72.80 - 4:43.21 ,10.91,7.68,15.31,2.07,48.67,14.92,50.59,4.50,72.80,4:43.21,+3.3,-0.8,+0.7
50,8506,ValterKÜLVET,19FEB1964,URS,1,Staiki(BLR),02JUL1988,1205, 11.05/-1.4 - 7.35/+0.4 - 15.78 - 2.00 - 48.08 / 14.55/-0.9 - 14.07/+0.9 - 52.04 - 4.60 - 61.72 - 4:15.93 ,11.05,7.35,15.78,2.00,48.08,14.55,14.07/+0.9,52.04,4.60,61.72,-1.4,+0.4,-0.9
51,8500,ChristianSCHENK,09FEB1965,GER,4,"Gottlieb-DaimlerStadion,Stuttgart(GER)",20AUG1993,1204, 11.22/-0.9 - 7.63/0.0 - 15.72 - 2.15 - 48.78 / 15.29/0.0 - 46.94 - 4.80 - 65.32 - 4:24.44 ,11.22,7.63,15.72,2.15,48.78,15.29,46.94,4.80,65.32,4:24.44,-0.9,0.0,0.0
52,8497,AlekseySYSOYEV,08MAR1985,RUS,2,"Mösle-Stadium,Götzis(AUT)",01JUN2008,1203, 10.86/-0.7 - 7.01/+0.5 - 15.49 - 2.03 - 49.10 / 14.64/+1.3 - 54.08 - 5.10 - 64.22 - 4:38.82 ,10.86,7.01,15.49,2.03,49.10,14.64,54.08,5.10,64.22,4:38.82,-0.7,+0.5,+1.3
53,8496,YordaniGARCÍA,21NOV1988,CUB,1,LaHabana(CUB),30MAY2009,1203, 10.88/+0.1 - 7.36/+0.2 - 16.50 - 2.10 - 48.77 / 14.07/-0.5 - 43.97 - 4.80 - 68.10 - 4:46.80 ,10.88,7.36,16.50,2.10,48.77,14.07,43.97,4.80,68.10,4:46.80,+0.1,+0.2,-0.5
54,8492,AshleyMOLONEY,13MAR2000,AUS,1,"QSAC,Nathan,Brisbane(AUS)",20DEC2020,1203, 10.36/-0.3 - 7.67/+2.3 - 13.62 - 2.11 - 45.82 / 14.17/+1.6 - 43.93 - 4.80 - 57.77 - 4:48.48 ,10.36,7.67,13.62,2.11,45.82,14.17,43.93,4.80,57.77,4:48.48,-0.3,+2.3,+1.6
55,8490,JaganHAMES,31OCT1975,AUS,1,KualaLumpur(MAS),18SEP1998,1202, 10.77/0.0 - 7.64/+0.8 - 14.73 - 2.19 - 49.67 / 14.07/+0.4 - 46.40 - 5.00 - 64.67 - 64.67 - 5:02.68 ,10.77,7.64,14.73,2.19,49.67,14.07,46.40,5.00,64.67,64.67,0.0,+0.8,+0.4
56,8485,StefanSCHMID,06MAY1970,GER,1,Ratingen(GER),23JUL2000,1201, 10.82/0.0 - 7.59/-0.6 - 14.14 - 2.01 - 48.99 / 14.20/-1.6 - 44.24 - 5.06 - 67.63 - 4:31.76 ,10.82,7.59,14.14,2.01,48.99,14.20,44.24,5.06,67.63,4:31.76,0.0,-0.6,-1.6
57,8479,OleksiyKASYANOV,26AUG1985,UKR,3,"Olympiastadion,Berlin(GER)",20AUG2009,1201, 10.63/+0.2 - 7.80/+0.9 - 15.72 - 2.05 - 47.85 / 14.44/-0.1 - 46.70 - 4.80 - 49.00 - 4:24.52 ,10.63,7.80,15.72,2.05,47.85,14.44,46.70,4.80,49.00,4:24.52,+0.2,+0.9,-0.1
58,8475,AlekseyDROZDOV,03DEC1983,RUS,4,"NagaiStadium,Osaka(JPN)",01SEP2007,1200, 10.97/+0.2 - 7.25/-0.3 - 16.49 - 2.12 - 50.00 / 14.76/+1.4 - 48.62 - 5.00 - 63.51 - 4:36.93 ,10.97,7.25,16.49,2.12,50.00,14.76,48.62,5.00,63.51,4:36.93,+0.2,-0.3,+1.4
59,8473,UweFREIMUTH,10SEP1961,GDR,1,Götzis(AUT),26MAY1985,1200, 11.14/+0.1 - 7.50/+2.5 - 16.26 - 1.96 - 48.79 / 14.69/-0.6 - 47.50 - 4.90 - 69.86 - 4:32.13 ,11.14,7.50,16.26,1.96,48.79,14.69,47.50,4.90,69.86,4:32.13,+0.1,+2.5,-0.6
60,8461,MikeMACZEY,28SEP1972,GER,7,Götzis(AUT),04JUN2000,1198, 10.99/+0.9 - 7.59/+0.3 - 14.75 - 2.06 - 49.83 / 14.16/-1.0 - 44.56 - 5.15 - 62.27 - 4:29.93 ,10.99,7.59,14.75,2.06,49.83,14.16,44.56,5.15,62.27,4:29.93,+0.9,+0.3,-1.0
61,8453,AlainBLONDEL,07DEC1962,FRA,1,"OlympicStadium,Helsinki(FIN)",13AUG1994,1197, 11.12/+0.6 - 7.50/+3.2 - 13.78 - 1.99 - 48.91 / 14.18/+0.9 - 45.08 - 5.40 - 60.64 - 4:20.48 ,11.12,7.50,13.78,1.99,48.91,14.18,45.08,5.40,60.64,4:20.48,+0.6,+3.2,+0.9
61,8453,RomainBARRAS,01AUG1980,FRA,1,"EstadioOlímpico,Barcelona(ESP)",29JUL2010,1197, 11.09/-0.6 - 7.24/+1.5 - 15.15 - 2.04 - 48.33 / 14.22/-0.6 - 44.51 - 5.05 - 65.77 - 4:28.43 ,11.09,7.24,15.15,2.04,48.33,14.22,44.51,5.05,65.77,4:28.43,-0.6,+1.5,-0.6
61,8453,PierceLEPAGE,22JAN1996,CAN,1,"StadePierrePaulBernard,Talence(FRA)",23JUN2019,1197, 10.31/+0.7 - 7.87/+2.5 - 14.21 - 2.07 - 48.14 / 14.40/-1.3 - 44.46 - 5.25 - 55.22 - 4:59.76 ,10.31,7.87,14.21,2.07,48.14,14.40,44.46,5.25,55.22,4:59.76,+0.7,+2.5,-1.3
64,8450,TorstenVOSS,24MAR1963,GDR,4,"Neckarstadion,Stuttgart(GER)",28AUG1986,1196, 10.53/+2.5 - 7.85/+2.7 - 14.93 - 2.09 - 48.03 / 14.91/-0.3 - 43.64 - 5.10 - 57.76 - 4:47.15 ,10.53,7.85,14.93,2.09,48.03,14.91,43.64,5.10,57.76,4:47.15,+2.5,+2.7,-0.3
65,8445,RamilGANIYEV,23SEP1968,UZB,5,"OlympicStadium,Athina(GRE)",06AUG1997,1195, 10.94/+0.2 - 7.58/+0.7 - 14.76 - 2.06 - 48.34 / 14.34/-0.1 - 46.04 - 5.30 - 55.14 - 4:36.78 ,10.94,7.58,14.76,2.06,48.34,14.34,46.04,5.30,55.14,4:36.78,+0.2,+0.7,-0.1
65,8445,JohannesERM,26MAR1998,EST,2,Gävle(SWE),14JUL2019,1195, 10.73/+1.9 - 7.97/-0.7 - 14.66 - 2.03 - 47.41 / 14.33/+0.2 - 43.24 - 4.70 - 59.60 - 4:34.04 ,10.73,7.97,14.66,2.03,47.41,14.33,43.24,4.70,59.60,4:34.04,+1.9,-0.7,+0.2
67,8436,DezsőSZABÓ,04SEP1967,HUN,2,"PoljudStadion,Split(CRO)",29AUG1990,1194, 11.06/-0.2 - 7.49/+1.1 - 13.65 - 1.98 - 47.17 / 14.67/0.0 - 40.78 - 5.30 - 61.94 - 4:11.07 ,11.06,7.49,13.65,1.98,47.17,14.67,40.78,5.30,61.94,4:11.07,-0.2,+1.1,0.0
68,8429,AleksandrPOGORELOV,10JAN1980,RUS,3,"Mösle-Stadium,Götzis(AUT)",29MAY2005,1193, 10.91/+0.9 - 7.64/+0.6 - 16.03 - 2.09 - 50.16 / 14.14/-1.2 - 48.44 - 5.10 - 58.23 - 4:55.90 ,10.91,7.64,16.03,2.09,50.16,14.14,48.44,5.10,58.23,4:55.90,+0.9,+0.6,-1.2
69,8425,JeremyTAIWO,15JAN1990,USA,2,"HaywardField,Eugene,OR(USA)",03JUL2016,1192, 10.94/+1.6 - 7.55/+1.1 - 14.88 - 2.21 - 48.76 / 14.22/+1.0 - 42.10 - 4.75 - 52.82 - 4:17.35 ,10.94,7.55,14.88,2.21,48.76,14.22,42.10,4.75,52.82,4:17.35,+1.6,+1.1,+1.0
70,8413,ZacheryZIEMEK,23FEB1993,USA,3,"HaywardField,Eugene,OR(USA)",03JUL2016,1190, 10.60/+1.8 - 7.72/+0.7 - 14.11 - 2.09 - 49.30 / 14.94/+1.0 - 48.17 - 5.25 - 57.24 - 4:48.21 ,10.60,7.72,14.11,2.09,49.30,14.94,48.17,5.25,57.24,4:48.21,+1.8,+0.7,+1.0
71,8412,AntonioPEÑALVER,01DEC1968,ESP,2,"EstadioOlímpico,Barcelona(ESP)",06AUG1992,1190, 11.09/ - 7.54/ - 16.50 - 2.06 - 49.66 / 14.58/ - 49.68 - 4.90 - 58.64 - 4:38.02 ,11.09,7.54,16.50,2.06,49.66,14.58,49.68,4.90,58.64,4:38.02,,,
72,8409,AleksandrNEVSKIY,21FEB1958,URS,3,Götzis(AUT),26MAY1985,1190, 10.95/0.0 - 7.35/+0.6 - 14.99 - 2.08 - 49.29 / 14.76/-0.8 - 46.12 - 4.60 - 68.16 - 4:21.09 ,10.95,7.35,14.99,2.08,49.29,14.76,46.12,4.60,68.16,4:21.09,0.0,+0.6,-0.8
73,8406,NicklasWIBERG,16APR1985,SWE,6,"Olympiastadion,Berlin(GER)",20AUG2009,1189, 10.96/-0.4 - 7.25/-0.4 - 14.99 - 2.05 - 48.73 / 14.75/+0.3 - 42.28 - 4.50 - 75.02 - 4:17.05 ,10.96,7.25,14.99,2.05,48.73,14.75,42.28,4.50,75.02,4:17.05,-0.4,-0.4,+0.3
74,8404,RickyBARKER,14NOV1969,USA,2,"CollegeStation,TX(USA)",15MAR1996,1189, 10.72/+3.2 - 7.53/+4.0 - 14.53 - 2.10 - 48.60 / 14.23/+3.0 - 43.78 - 5.20 - 58.88 - 4:49.56 ,10.72,7.53,14.53,2.10,48.60,14.23,43.78,5.20,58.88,4:49.56,+3.2,+4.0,+3.0
75,8403,HenrikDAGÅRD,07AUG1969,SWE,4,Talence(FRA),11SEP1994,1189, 10.82/-0.8 - 7.37/-0.2 - 14.80 - 1.97 - 47.25 / 14.24/-0.6 - 43.24 - 5.00 - 66.34 - 4:39.91 ,10.82,7.37,14.80,1.97,47.25,14.24,43.24,5.00,66.34,4:39.91,-0.8,-0.2,-0.6
76,8398,MikkPAHAPILL,18JUL1983,EST,3,"Mösle-Stadium,Götzis(AUT)",29MAY2011,1188, 11.08/+0.9 - 7.39/-1.3 - 15.48 - 2.03 - 50.95 / 14.70/-0.9 - 48.79 - 5.06 - 69.53 - 4:39.41 ,11.08,7.39,15.48,2.03,50.95,14.70,48.79,5.06,69.53,4:39.41,+0.9,-1.3,-0.9
76,8398,WillemCOERTZEN,30DEC1982,RSA,3,"Mösle-Stadium,Götzis(AUT)",31MAY2015,1188, 10.99/+0.3 - 7.46/-1.0 - 14.14 - 2.03 - 48.73 / 14.17/+1.5 - 44.84 - 4.60 - 68.43 - 4:22.22 ,10.99,7.46,14.14,2.03,48.73,14.17,44.84,4.60,68.43,4:22.22,+0.3,-1.0,+1.5
78,8393,CarlosEduardoBEZERRACHININ,03MAY1985,BRA,1,SãoPaulo(BRA),08JUN2013,1187, 10.85/+0.5 - 7.55/+0.9 - 15.28 - 2.04 - 48.18 / 14.08/+1.0 - 42.46 - 4.90 - 59.58 - 4:34.77 ,10.85,7.55,15.28,2.04,48.18,14.08,42.46,4.90,59.58,4:34.77,+0.5,+0.9,+1.0
79,8371,AndréNIKLAUS,30AUG1981,GER,5,"NagaiStadium,Osaka(JPN)",01SEP2007,1184, 11.12/+0.2 - 7.42/+0.4 - 14.12 - 2.06 - 49.40 / 14.51/-0.2 - 44.48 - 5.30 - 63.28 - 4:32.50 ,11.12,7.42,14.12,2.06,49.40,14.51,44.48,5.30,63.28,4:32.50,+0.2,+0.4,-0.2
79,8371,JanekÕIGLANE,25APR1994,EST,4,"OlympicStadium,London(GBR)",12AUG2017,1184, 11.08/-0.2 - 7.33/-0.1 - 15.13 - 2.05 - 49.58 / 14.56/-0.5 - 42.11 - 5.10 - 71.73 - 4:39.24 ,11.08,7.33,15.13,2.05,49.58,14.56,42.11,5.10,71.73,4:39.24,-0.2,-0.1,-0.5
81,8367,CedricDUBLER,13JAN1995,AUS,2,"QSAC,Nathan,Brisbane(AUS)",20DEC2020,1183, 10.79/-0.3 - 7.62/0.0 - 13.24 - 2.11 - 47.84 / 14.34/+1.6 - 41.70 - 5.00 - 62.48 - 4:41.05 ,10.79,7.62,13.24,2.11,47.84,14.34,41.70,5.00,62.48,4:41.05,-0.3,0.0,+1.6
82,8366,SimonPOELMAN,27MAY1963,NZL,1,Christchurch(NZL),22MAR1987,1183, 10.87/+0.1 - 7.34/+1.0 - 15.11 - 2.06 - 49.54 / 14.1h/+0.1 - 46.66 - 4.95 - 56.94 - 4:27.2h ,10.87,7.34,15.11,2.06,49.54,14.1h,46.66,4.95,56.94,4:27.2h,+0.1,+1.0,+0.1
83,8365,SergeySVIRIDOV,20OCT1990,RUS,1,"Adler,Sochi(RUS)",08MAY2012,1183, 10.88/+1.2 - 7.52/+1.2 - 15.03 - 1.94 - 48.28 / 14.83/+0.5 - 49.01 - 4.40 - 68.89 - 4:25.15 ,10.88,7.52,15.03,1.94,48.28,14.83,49.01,4.40,68.89,4:25.15,+1.2,+1.2,+0.5
84,8364,FelipeDOSSANTOS,30JUL1994,BRA,1,"COTPStadium,SãoPaulo(BRA)",12DEC2020,1183, 10.40/+0.8 - 7.64/-1.4 - 14.04 - 2.07 - 48.01 / 14.01/+1.4 - 42.46 - 4.90 - 59.82 - 4:55.83 ,10.40,7.64,14.04,2.07,48.01,14.01,42.46,4.90,59.82,4:55.83,+0.8,-1.4,+1.4
85,8363,ChielWARNERS,02APR1978,NED,5,Götzis(AUT),30MAY1999,1183, 10.78/-1.2 - 7.76/-0.2 - 14.74 - 1.97 - 46.61 / 14.32/-0.9 - 40.91 - 4.80 - 61.44 - 4:37.07 ,10.78,7.76,14.74,1.97,46.61,14.32,40.91,4.80,61.44,4:37.07,-1.2,-0.2,-0.9
86,8362,DaveSTEEN,14NOV1959,CAN,2,Götzis(AUT),19JUN1988,1182, 11.01/+2.1 - 7.78/+1.5 - 13.35 - 1.99 - 47.70 / 14.71/+0.8 - 42.86 - 5.10 - 60.06 - 4:21.10 ,11.01,7.78,13.35,1.99,47.70,14.71,42.86,5.10,60.06,4:21.10,+2.1,+1.5,+0.8
86,8362,ThomasFAHNER,18JUL1966,GDR,3,Götzis(AUT),19JUN1988,1182, 11.04/+1.0 - 7.55/+3.1 - 15.01 - 1.93 - 47.94 / 14.54/+0.3 - 46.66 - 4.60 - 68.40 - 4:27.77 ,11.04,7.55,15.01,1.93,47.94,14.54,46.66,4.60,68.40,4:27.77,+1.0,+3.1,+0.3
88,8357,YuniorDIAZ,28APR1987,CUB,8,"Olympiastadion,Berlin(GER)",20AUG2009,1182, 10.66/+0.2 - 7.72/-0.3 - 14.54 - 2.02 - 46.15 / 14.56/+0.3 - 43.52 - 4.60 - 60.09 - 4:40.58 ,10.66,7.72,14.54,2.02,46.15,14.56,43.52,4.60,60.09,4:40.58,+0.2,-0.3,+0.3
89,8345,DevonWILLIAMS,17JAN1994,USA,1,"Athens,GA(USA)",09APR2017,1180, 10.72/+0.3 - 7.75/0.0 - 14.20 - 1.96 - 48.14 / 13.83/+0.1 - 46.29 - 4.57 - 60.26 - 4:36.79 ,10.72,7.75,14.20,1.96,48.14,13.83,46.29,4.57,60.26,4:36.79,+0.3,0.0,+0.1
90,8342,PieterBRAUN,21JAN1993,NED,3,"Mösle-Stadium,Götzis(AUT)",27MAY2018,1179, 11.12/+0.4 - 7.62/+0.5 - 15.28 - 2.00 - 49.25 / 14.40/+0.2 - 45.52 - 4.90 - 58.77 - 4:24.29 ,11.12,7.62,15.28,2.00,49.25,14.40,45.52,4.90,58.77,4:24.29,+0.4,+0.5,+0.2
91,8339,JiříRYBA,15JUN1976,CZE,1,DesenzanodelGarda(ITA),14MAY2000,1179, 11.19/+0.2 - 6.83/+0.2 - 14.33 - 2.03 - 48.39 / 14.55/+0.6 - 45.26 - 5.20 - 61.55 - 4:12.14 ,11.19,6.83,14.33,2.03,48.39,14.55,45.26,5.20,61.55,4:12.14,+0.2,+0.2,+0.6
92,8336,TimothyDUCKWORTH,18JUN1996,GBR,1,"Eugene,OR(USA)",07JUN2018,1178, 10.57/+0.5 - 8.01/+0.8 - 13.15 - 2.13 - 48.78 / 14.37/-0.7 - 42.76 - 5.11 - 57.27 - 5:01.27 ,10.57,8.01,13.15,2.13,48.78,14.37,42.76,5.11,57.27,5:01.27,+0.5,+0.8,-0.7
93,8335,AdamSebastianHELCELET,27OCT1991,CZE,4,"Mösle-Stadium,Götzis(AUT)",28MAY2017,1178, 10.87/+1.4 - 7.32/+2.8 - 14.89 - 2.00 - 49.50 / 14.19/-0.2 - 44.35 - 5.00 - 68.04 - 4:43.69 ,10.87,7.32,14.89,2.00,49.50,14.19,44.35,5.00,68.04,4:43.69,+1.4,+2.8,-0.2
94,8332,ThomasVANDERPLAETSEN,24DEC1990,BEL,8,"EstádioOlímpico,RiodeJaneiro(BRA)",18AUG2016,1178, 11.24/+0.5 - 7.66/+0.7 - 12.84 - 2.16 - 49.63 / 15.01/+0.7 - 43.58 - 5.40 - 62.09 - 4:34.21 ,11.24,7.66,12.84,2.16,49.63,15.01,43.58,5.40,62.09,4:34.21,+0.5,+0.7,+0.7
95,8330,MikhailMEDVED,30JAN1964,URS,3,Kiev(URS),31JUL1988,1177, 11.24/-1.0 - 7.46/+1.2 - 15.73 - 2.07 - 50.13 / 14.40/+0.6 - 45.32 - 5.00 - 64.50 - 4:41.26 ,11.24,7.46,15.73,2.07,50.13,14.40,45.32,5.00,64.50,4:41.26,-1.0,+1.2,+0.6
96,8320,GernotKELLERMAYR,05APR1966,AUT,4,Götzis(AUT),30MAY1993,1176, 10.47/+1.9 - 7.66/+1.3 - 14.83 - 1.96 - 47.56 / 14.12/+0.4 - 42.50 - 5.00 - 58.24 - 4:54.78 ,10.47,7.66,14.83,1.96,47.56,14.12,42.50,5.00,58.24,4:54.78,+1.9,+1.3,+0.4
97,8318,PetriKESKITALO,10MAR1967,FIN,5,"OlympicStadium,Tokyo(JPN)",30AUG1991,1176, 10.93/+0.6 - 7.58/+1.0 - 15.06 - 2.03 - 50.26 / 14.27/-1.2 - 44.22 - 4.80 - 69.22 - 4:46.03 ,10.93,7.58,15.06,2.03,50.26,14.27,44.22,4.80,69.22,4:46.03,+0.6,+1.0,-1.2
98,8315,LuizAlbertoDEARAUJO,27JUN1987,BRA,10,"EstádioOlímpico,RiodeJaneiro(BRA)",18AUG2016,1175, 10.77/-0.4 - 7.48/-0.2 - 15.26 - 1.92 - 48.14 / 14.17/+0.1 - 45.10 - 4.90 - 57.28 - 4:31.46 ,10.77,7.48,15.26,1.92,48.14,14.17,45.10,4.90,57.28,4:31.46,-0.4,-0.2,+0.1
99,8314,JanPODĚBRADSKÝ,01MAR1974,CZE,1,Arles(FRA),04JUN2000,1175, 10.73/+1.9 - 7.20/+1.6 - 15.30 - 1.90 - 46.78 / 14.32/0.0 - 43.51 - 4.85 - 55.92 - 4:17.69 ,10.73,7.20,15.30,1.90,46.78,14.32,43.51,4.85,55.92,4:17.69,+1.9,+1.6,0.0
100,8312,WilfridBOULINEAU,13MAY1970,FRA,2,Arles(FRA),30MAY1999,1175, 10.85/+2.2 - 7.63/+3.8 - 13.64 - 2.09 - 49.46 / 14.54/+1.7 - 41.43 - 4.85 - 62.38 - 4:24.79 ,10.85,7.63,13.64,2.09,49.46,14.54,41.43,4.85,62.38,4:24.79,+2.2,+3.8,+1.7
100,8312,PaulTEREK,20OCT1979,USA,3,"Sacramento,CA(USA)",17JUL2004,1175, 10.98/-1.0 - 7.27/+0.6 - 15.37 - 2.01 - 48.74 / 15.40/-1.1 - 49.24 - 5.20 - 54.69 - 4:24.28 ,10.98,7.27,15.37,2.01,48.74,15.40,49.24,5.20,54.69,4:24.28,-1.0,+0.6,-1.1
100,8312,EdgarsERIŅŠ,18JUN1986,LAT,1,Valmiera(LAT),04JUN2011,1175, 10.79/+2.1 - 7.67/+0.2 - 14.19 - 1.90 - N/A / 14.56/+1.2 - 49.94 - 4.50 - 58.30 - 4:14.25 ,10.79,7.67,14.19,1.90,N/A,14.56,49.94,4.50,58.30,4:14.25,+2.1,+0.2,+1.2
100,8312,GunnarNIXON,13JAN1993,USA,13,"Luzhniki,Moskva(RUS)",11AUG2013,1175, 10.84/-0.5 - 7.80/+0.4 - 14.68 - 2.14 - 48.56 / 14.57/-0.1 - 42.38 - 4.60 - 57.97 - 4:35.82 ,10.84,7.80,14.68,2.14,48.56,14.57,42.38,4.60,57.97,4:35.82,-0.5,+0.4,-0.1
104,8310,KlausISEKENMEIER,14APR1975,GER,2,Ratingen(GER),01JUN1997,1174, 11.23/0.0 - 7.69/0.0 - 15.19 - 1.98 - 48.89 / 14.30/0.0 - 45.84 - 5.00 - 61.30 - 4:40.27 ,11.23,7.69,15.19,1.98,48.89,14.30,45.84,5.00,61.30,4:40.27,0.0,0.0,0.0
104,8310,DennisLEYCKES,20APR1982,GER,3,"Stadionring,Ratingen(GER)",25JUN2006,1174, 10.95/+1.0 - 7.07/0.0 - 14.10 - 2.00 - 48.48 / 14.37/-0.1 - 45.36 - 5.45 - 60.54 - 4:38.93 ,10.95,7.07,14.10,2.00,48.48,14.37,45.36,5.45,60.54,4:38.93,+1.0,0.0,-0.1
106,8308,KeisukeUSHIRO,24JUL1986,JPN,1,Nagano(JPN),01JUN2014,1174, 11.24/-0.6 - 7.15/-0.5 - 15.19 - 2.03 - 49.66 / 14.90/+0.1 - 50.17 - 4.80 - 69.11 - 4:32.62 ,11.24,7.15,15.19,2.03,49.66,14.90,50.17,4.80,69.11,4:32.62,-0.6,-0.5,+0.1
107,8307,ScottFERRIER,12JUN1974,AUS,2,KualaLumpur(MAS),18SEP1998,1174, 10.84/0.0 - 7.59/+0.4 - 13.34 - 2.13 - 48.25 / 14.20/+0.4 - 43.99 - 5.10 - 58.95 - 4:55.65 ,10.84,7.59,13.34,2.13,48.25,14.20,43.99,5.10,58.95,4:55.65,0.0,+0.4,+0.4
108,8304,MathiasBRUGGER,06AUG1992,GER,5,"Mösle-Stadium,Götzis(AUT)",27MAY2018,1173, 10.98/+0.4 - 7.32/+2.3 - 15.11 - 2.00 - 48.02 / 14.24/0.0 - 46.04 - 5.00 - 51.72 - 4:23.93 ,10.98,7.32,15.11,2.00,48.02,14.24,46.04,5.00,51.72,4:23.93,+0.4,+2.3,0.0
109,8302,MichaelKOHNLE,03MAY1970,GER,3,Götzis(AUT),28MAY1995,1173, 10.93/-0.1 - 7.41/-0.4 - 15.29 - 2.05 - 49.10 / 14.40/+0.7 - 47.06 - 5.20 - 58.76 - 4:57.49 ,10.93,7.41,15.29,2.05,49.10,14.40,47.06,5.20,58.76,4:57.49,-0.1,-0.4,+0.7
110,8299,PavelTARNAVETSKIY,22FEB1961,URS,6,Götzis(AUT),19JUN1988,1173, 11.03/+2.1 - 7.35/+2.9 - 15.49 - 1.99 - 48.19 / 14.90/+0.3 - 45.86 - 5.00 - 58.72 - 4:28.09 ,11.03,7.35,15.49,1.99,48.19,14.90,45.86,5.00,58.72,4:28.09,+2.1,+2.9,+0.3
111,8295,NormanMÜLLER,07AUG1985,GER,2,"Stadionring,Ratingen(GER)",21JUN2009,1172, 10.91/+1.7 - 7.47/+3.3 - 15.27 - 2.02 - 48.95 / 14.54/+0.5 - 43.65 - 4.80 - 60.89 - 4:29.20 ,10.91,7.47,15.27,2.02,48.95,14.54,43.65,4.80,60.89,4:29.20,+1.7,+3.3,+0.5
112,8293,JohannesHOCK,24MAR1992,GER,1,"Waco,TX(USA)",04MAY2013,1172, 10.78/+1.6 - 7.46/+3.7 - 15.40 - 1.94 - 49.80 / 14.86/+1.0 - 53.85 - 4.69 - 63.63 - 4:45.82 ,10.78,7.46,15.40,1.94,49.80,14.86,53.85,4.69,63.63,4:45.82,+1.6,+3.7,+1.0
113,8290,HaifengQI,07AUG1983,CHN,4,"Mösle-Stadium,Götzis(AUT)",29MAY2005,1171, 10.87/+0.9 - 7.40/+0.1 - 13.41 - 2.03 - 48.72 / 14.63/-1.4 - 48.57 - 4.70 - 64.53 - 4:32.02 ,10.87,7.40,13.41,2.03,48.72,14.63,48.57,4.70,64.53,4:32.02,+0.9,+0.1,-1.4
113,8290,VitaliyZHUK,10SEP1996,BLR,3,"Olympiastadion,Berlin(GER)",08AUG2018,1171, 11.12/-0.2 - 7.05/+1.5 - 15.65 - 1.99 - 48.41 / 14.66/+0.1 - 45.46 - 4.90 - 66.19 - 4:30.81 ,11.12,7.05,15.65,1.99,48.41,14.66,45.46,4.90,66.19,4:30.81,-0.2,+1.5,+0.1
115,8288,JanFelixKNOBEL,16JAN1989,GER,5,"Mösle-Stadium,Götzis(AUT)",29MAY2011,1171, 11.14/-0.8 - 7.23/+1.2 - 15.47 - 1.94 - 49.23 / 14.77/-0.4 - 46.68 - 4.96 - 72.99 - 4:43.39 ,11.14,7.23,15.47,1.94,49.23,14.77,46.68,4.96,72.99,4:43.39,-0.8,+1.2,-0.4
116,8285,PhilMCMULLEN,03FEB1975,USA,4,"Sacramento,CA(USA)",17JUL2004,1170, 11.19/+0.1 - 6.90/-0.4 - 15.24 - 2.04 - 48.88 / 14.85/-1.1 - 49.44 - 5.00 - 56.35 - 4:15.18 ,11.19,6.90,15.24,2.04,48.88,14.85,49.44,5.00,56.35,4:15.18,+0.1,-0.4,-1.1
117,8280,LaurentHERNU,22AUG1976,FRA,8,"CommonwealthStadium,Edmonton(CAN)",07AUG2001,1170, 10.97/+0.3 - 7.31/-0.4 - 14.43 - 2.03 - 49.31 / 14.01/0.0 - 43.93 - 5.10 - 59.90 - 4:37.41 ,10.97,7.31,14.43,2.03,49.31,14.01,43.93,5.10,59.90,4:37.41,+0.3,-0.4,0.0
118,8275,MihailDUDAŠ,01NOV1989,SRB,14,"Luzhniki,Moskva(RUS)",11AUG2013,1169, 10.67/-0.5 - 7.51/+0.7 - 13.45 - 1.96 - 47.73 / 14.59/-0.2 - 44.06 - 4.90 - 59.06 - 4:26.62 ,10.67,7.51,13.45,1.96,47.73,14.59,44.06,4.90,59.06,4:26.62,-0.5,+0.7,-0.2
119,8271,JānisKARLIVĀNS,02JUN1982,LAT,6,"Mösle-Stadium,Götzis(AUT)",27MAY2007,1168, 11.13/+0.2 - 7.82/+2.2 - 15.01 - 2.06 - 49.10 / 14.86/-0.6 - 47.95 - 4.70 - 60.55 - 4:43.62 ,11.13,7.82,15.01,2.06,49.10,14.86,47.95,4.70,60.55,4:43.62,+0.2,+2.2,-0.6
120,8260,AxelHUBERT,16FEB1996,FRA,1,"StadeDeLattreDeTassigny,Aubagne(FRA)",20SEP2020,1167, 11.03/0.0 - 7.42/+3.4 - 15.82 - 1.98 - 50.75 / 14.31/-0.4 - 41.88 - 4.90 - 69.69 - 4:39.62 ,11.03,7.42,15.82,1.98,50.75,14.31,41.88,4.90,69.69,4:39.62,0.0,+3.4,-0.4
121,8257,VitaliyKOLPAKOV,02FEB1972,UKR,1,Bressanone(ITA),03JUL1994,1166, 11.29/-0.5 - 7.62/+1.3 - 15.19 - 2.16 - 48.43 / 14.40/+1.3 - 44.50 - 4.70 - 57.38 - 4:44.00 ,11.29,7.62,15.19,2.16,48.43,14.40,44.50,4.70,57.38,4:44.00,-0.5,+1.3,+1.3
122,8256,KamilDAMAŠEK,22SEP1973,CZE,2,Lage(GER),16JUN1996,1166, 11.03/+1.2 - 7.33/+1.8 - 15.01 - 2.04 - 47.33 / 14.61/+1.5 - 40.36 - 5.00 - 57.58 - 4:28.08 ,11.03,7.33,15.01,2.04,47.33,14.61,40.36,5.00,57.58,4:28.08,+1.2,+1.8,+1.5
123,8253,FrankMÜLLER,18JUN1968,GER,14,"OlympicStadium,Atlanta,GA(USA)",01AUG1996,1165, 10.95/+0.8 - 7.25/ - 14.69 - 1.95 - 49.05 / 14.86/ - 45.90 - 5.10 - 66.10 - 4:37.50 ,10.95,7.25,14.69,1.95,49.05,14.86,45.90,5.10,66.10,4:37.50,+0.8,,
123,8253,RobertJacobARNOLD,03JAN1984,USA,4,"Mösle-Stadium,Götzis(AUT)",30MAY2010,1165, 11.04/+0.8 - 6.96/+1.8 - 15.17 - 2.00 - 49.29 / 14.12/+0.3 - 46.51 - 5.10 - 62.28 - 4:40.74 ,11.04,6.96,15.17,2.00,49.29,14.12,46.51,5.10,62.28,4:40.74,+0.8,+1.8,+0.3
125,8252,RaúlDUANYBUENO,04JAN1975,CUB,1,LaHabana(CUB),24JUL2000,1165, 10.66/-0.8 - 7.48/+0.2 - 13.96 - 2.01 - 49.52 / 13.9h/+1.8 - 41.38 - 4.60 - 64.20 - 4:26.56 ,10.66,7.48,13.96,2.01,49.52,13.9h,41.38,4.60,64.20,4:26.56,-0.8,+0.2,+1.8
126,8250,Karl-HeinzFICHTNER,16AUG1962,FRG,7,Götzis(AUT),19JUN1988,1165, 11.11/-1.4 - 7.75/+4.0 - 15.39 - 1.99 - 49.19 / 15.03/-0.7 - 43.50 - 5.10 - 56.44 - 4:29.22 ,11.11,7.75,15.39,1.99,49.19,15.03,43.50,5.10,56.44,4:29.22,-1.4,+4.0,-0.7
127,8247,PauTONNESEN,24OCT1992,USA,2,"Eugene,OR(USA)",11JUN2015,1164, 11.11/+3.2 - 7.49/+1.8 - 15.17 - 2.08 - 50.68 / 14.87/+0.7 - 45.53 - 5.30 - 57.52 - 4:41.77 ,11.11,7.49,15.17,2.08,50.68,14.87,45.53,5.30,57.52,4:41.77,+3.2,+1.8,+0.7
128,8244,BeatGÄHWILER,26JAN1965,SUI,8,Götzis(AUT),19JUN1988,1164, 11.23/-1.0 - 7.57/+1.0 - 13.49 - 1.99 - 48.70 / 14.56/+0.3 - 43.82 - 4.70 - 64.24 - 4:14.77 ,11.23,7.57,13.49,1.99,48.70,14.56,43.82,4.70,64.24,4:14.77,-1.0,+1.0,+0.3
129,8241,KipJANVRIN,08JUL1965,USA,1,"Eugene,OR(USA)",22JUN2001,1164, 10.98/+1.1 - 7.01/+2.9 - 14.21 - 1.89 - 48.41 / 14.72/+1.2 - 45.59 - 5.20 - 60.41 - 4:14.96 ,10.98,7.01,14.21,1.89,48.41,14.72,45.59,5.20,60.41,4:14.96,+1.1,+2.9,+1.2
130,8239,JamieADJETEY-NELSON,20MAY1984,CAN,3,Kladno(CZE),16JUN2010,1163, 10.76/+0.6 - 7.61/+0.9 - 14.89 - 2.09 - 49.70 / 14.62/+2.0 - 49.17 - 4.40 - 62.74 - 4:52.28 ,10.76,7.61,14.89,2.09,49.70,14.62,49.17,4.40,62.74,4:52.28,+0.6,+0.9,+2.0
131,8237,RobMUZZIO,25JUN1964,USA,8,"Gottlieb-DaimlerStadion,Stuttgart(GER)",20AUG1993,1163, 11.11/-0.9 - 6.72/+0.2 - 16.99 - 1.94 - 49.82 / 14.51/0.0 - 47.90 - 5.00 - 64.50 - 4:34.43 ,11.11,6.72,16.99,1.94,49.82,14.51,47.90,5.00,64.50,4:34.43,-0.9,+0.2,0.0
132,8233,StefanDREWS,12FEB1979,GER,4,"Stadionring,Ratingen(GER)",25JUN2006,1162, 10.70/+1.0 - 7.54/+0.8 - 13.68 - 1.88 - 47.86 / 14.24/-0.1 - 41.67 - 5.35 - 50.81 - 4:25.60 ,10.70,7.54,13.68,1.88,47.86,14.24,41.67,5.35,50.81,4:25.60,+1.0,+0.8,-0.1
132,8233,EugèneMARTINEAU,14MAY1980,NED,5,"Stadionring,Ratingen(GER)",22JUN2008,1162, 11.17/+0.3 - 7.27/+1.5 - 13.24 - 1.99 - 49.25 / 14.37/+2.0 - 45.00 - 5.00 - 70.09 - 4:35.04 ,11.17,7.27,13.24,1.99,49.25,14.37,45.00,5.00,70.09,4:35.04,+0.3,+1.5,+2.0
134,8232,GarrettSCANTLING,19MAY1993,USA,1,"Athens,GA(USA)",09APR2015,1162, 10.85/+0.8 - 7.25/+2.0 - 15.06 - 2.06 - 49.04 / 14.21/+0.1 - 37.19 - 4.95 - 67.34 - 4:44.31 ,10.85,7.25,15.06,2.06,49.04,14.21,37.19,4.95,67.34,4:44.31,+0.8,+2.0,+0.1
135,8231,SimonEHAMMER,07FEB2000,SUI,1,"StadionHard,Langenthal(SUI)",09AUG2020,1162, 10.50/+1.2 - 7.81/-0.6 - 13.75 - 2.01 - 47.27 / 13.73/+0.6 - 36.19 - 4.90 - 52.88 - 4:42.54 ,10.50,7.81,13.75,2.01,47.27,13.73,36.19,4.90,52.88,4:42.54,+1.2,-0.6,+0.6
136,8229,TimNOWAK,13AUG1995,GER,3,"StadePierrePaulBernard,Talence(FRA)",16SEP2018,1162, 11.19/-0.3 - 7.56/+2.3 - 14.50 - 1.96 - 49.29 / 14.72/-0.9 - 45.31 - 4.85 - 64.00 - 4:26.80 ,11.19,7.56,14.50,1.96,49.29,14.72,45.31,4.85,64.00,4:26.80,-0.3,+2.3,-0.9
137,8228,MartinROE,01APR1992,NOR,1,"StadioRidolfi,Firenze(ITA)",28APR2018,1162, 10.82/-0.9 - 7.53/+0.6 - 15.46 - 1.92 - 49.78 / 15.15/-0.4 - 48.26 - 4.75 - 66.64 - 4:40.97 ,10.82,7.53,15.46,1.92,49.78,15.15,48.26,4.75,66.64,4:40.97,-0.9,+0.6,-0.4
138,8227,SolomonSIMMONS,26SEP1993,USA,2,"DrakeStadium,DesMoines,IA(USA)",26JUL2019,1161, 10.60/+1.8 - 7.50/+0.6 - 15.11 - 1.94 - 49.27 / 14.02/+1.5 - 44.88 - 4.90 - 51.42 - 4:33.85 ,10.60,7.50,15.11,1.94,49.27,14.02,44.88,4.90,51.42,4:33.85,+1.8,+0.6,+1.5
139,8225,ClastonBERNARD,22MAR1979,JAM,9,"OlympicStadium,Athina(GRE)",24AUG2004,1161, 10.69/+1.5 - 7.48/+0.6 - 14.80 - 2.12 - 49.13 / 14.17/+2.3 - 44.75 - 4.40 - 55.27 - 4:36.31 ,10.69,7.48,14.80,2.12,49.13,14.17,44.75,4.40,55.27,4:36.31,+1.5,+0.6,+2.3
140,8224,IngmarVOS,28MAY1986,NED,6,"Mösle-Stadium,Götzis(AUT)",27MAY2012,1161, 10.92/-1.5 - 7.36/+0.8 - 14.14 - 2.06 - 49.50 / 14.35/+1.4 - 43.31 - 4.76 - 63.89 - 4:34.47 ,10.92,7.36,14.14,2.06,49.50,14.35,43.31,4.76,63.89,4:34.47,-1.5,+0.8,+1.4
141,8221,EugenioBALANQUE,20DEC1968,CUB,1,SantiagodeCuba(CUB),26JAN1995,1160, 10.64/0.0 - 6.96/+0.6 - 14.55 - 2.01 - 47.99 / 13.95/-0.9 - 44.04 - 4.60 - 60.20 - 4:31.9h ,10.64,6.96,14.55,2.01,47.99,13.95,44.04,4.60,60.20,4:31.9h,0.0,+0.6,-0.9
142,8216,TimBRIGHT,28JUL1960,USA,7,"OlympicStadium,Jamsil,Seoul(KOR)",29SEP1988,1160, 11.18/ - 7.05/ - 14.12 - 2.06 - 49.34 / 14.39/ - 41.68 - 5.70 - 61.60 - 4:51.20 ,11.18,7.05,14.12,2.06,49.34,14.39,41.68,5.70,61.60,4:51.20,,,
143,8215,MatthiasPREY,09AUG1988,GER,6,"Stadionring,Ratingen(GER)",16JUN2013,1160, 11.03/+1.2 - 7.88/+0.8 - 15.66 - 1.76 - 49.98 / 14.36/+2.2 - 50.63 - 4.50 - 63.64 - 4:32.85 ,11.03,7.88,15.66,1.76,49.98,14.36,50.63,4.50,63.64,4:32.85,+1.2,+0.8,+2.2
144,8213,MárioAnibalRAMOS,25MAR1972,POR,1,Kaunas(LTU),01JUL2001,1159, 10.96/+0.7 - 7.23/+1.2 - 15.24 - 2.01 - 48.49 / 14.80/-2.2 - 48.33 - 4.80 - 54.55 - 4:28.28 ,10.96,7.23,15.24,2.01,48.49,14.80,48.33,4.80,54.55,4:28.28,+0.7,+1.2,-2.2
145,8209,RomanRAZBEYKO,09MAR1973,RUS,1,Novosibirsk(RUS),20AUG2000,1159, 10.9h/ - 7.52/ - 15.49 - 2.06 - 51.5h / 14.3h/ - 46.50 - 5.00 - 60.43 - 4:43.1h ,10.9h,7.52,15.49,2.06,51.5h,14.3h,46.50,5.00,60.43,4:43.1h,,,
146,8206,GrigoriyDEGTYARYOV,16AUG1958,URS,3,Krefeld(GER),08SEP1985,1158, 11.01/+2.4 - 7.38/+0.5 - 14.98 - 2.01 - 51.02 / 14.74/+1.9 - 50.66 - 4.70 - 59.54 - 4:27.88 ,11.01,7.38,14.98,2.01,51.02,14.74,50.66,4.70,59.54,4:27.88,+2.4,+0.5,+1.9
147,8205,BasileROLNIN,21JAN1994,FRA,2,"Stadionring,Ratingen(GER)",30JUN2019,1158, 11.03/+1.2 - 7.37/+0.6 - 15.38 - 2.08 - 50.19 / 14.34/+2.2 - 50.62 - 4.50 - 61.60 - 4:50.53 ,11.03,7.37,15.38,2.08,50.19,14.34,50.62,4.50,61.60,4:50.53,+1.2,+0.6,+2.2
148,8204,PelleRIETVELD,04FEB1985,NED,5,"Mösle-Stadium,Götzis(AUT)",01JUN2014,1158, 10.93/-0.2 - 7.15/-0.4 - 13.92 - 1.91 - 48.47 / 14.14/0.0 - 39.89 - 5.06 - 68.38 - 4:31.83 ,10.93,7.15,13.92,1.91,48.47,14.14,39.89,5.06,68.38,4:31.83,-0.2,-0.4,0.0
148,8204,PawełWIESIOŁEK,13AUG1991,POL,1,Kraków(POL),09JUN2019,1158, 10.87/+0.2 - 7.46/-1.1 - 13.71 - 2.05 - 49.15 / 14.59/+0.9 - 47.66 - 4.70 - 57.26 - 4:31.34 ,10.87,7.46,13.71,2.05,49.15,14.59,47.66,4.70,57.26,4:31.34,+0.2,-1.1,+0.9
150,8201,LucaWIELAND,07DEC1994,GER,1,"Azusa,CA(USA)",13APR2017,1157, 10.52/+2.4 - 7.53/+1.9 - 14.89 - 2.05 - 48.88 / 14.43/+1.5 - 44.78 - 4.80 - 48.60 - 4:38.54 ,10.52,7.53,14.89,2.05,48.88,14.43,44.78,4.80,48.60,4:38.54,+2.4,+1.9,+1.5
151,8199,AleksandrAPAYCHEV,06MAY1961,URS,5,"Neckarstadion,Stuttgart(GER)",28AUG1986,1157, 11.14/+2.0 - 7.25/+1.6 - 15.57 - 1.88 - 49.45 / 14.29/-0.3 - 45.82 - 4.80 - 64.84 - 4:29.66 ,11.14,7.25,15.57,1.88,49.45,14.29,45.82,4.80,64.84,4:29.66,+2.0,+1.6,-0.3
152,8194,GaëlQUERIN,26JUN1987,FRA,9,"Letzigrund,Zürich(SUI)",13AUG2014,1156, 11.11/-1.1 - 7.59/-0.8 - 14.02 - 1.98 - 48.76 / 14.23/+0.5 - 43.08 - 4.90 - 51.67 - 4:14.73 ,11.11,7.59,14.02,1.98,48.76,14.23,43.08,4.90,51.67,4:14.73,-1.1,-0.8,+0.5
153,8192,JaakkoOJANIEMI,28AUG1980,FIN,5,"Olympiastadion,München(GER)",08AUG2002,1156, 10.58/+1.3 - 7.56/+1.2 - 15.37 - 1.97 - 49.31 / 14.75/0.0 - 44.29 - 4.40 - 66.63 - 4:44.94 ,10.58,7.56,15.37,1.97,49.31,14.75,44.29,4.40,66.63,4:44.94,+1.3,+1.2,0.0
154,8191,BastienAUZEIL,22OCT1989,FRA,1,Angers(FRA),25JUN2016,1156, 11.18/-0.3 - 7.14/+1.8 - 15.06 - 2.04 - 49.97 / 14.57/+1.0 - 47.02 - 5.00 - 61.80 - 4:38.79 ,11.18,7.14,15.06,2.04,49.97,14.57,47.02,5.00,61.80,4:38.79,-0.3,+1.8,+1.0
155,8189,RobertDEWIT,07AUG1962,NED,8,"OlympicStadium,Jamsil,Seoul(KOR)",29SEP1988,1155, 11.05/ - 6.95/ - 15.34 - 2.00 - 48.21 / 14.36/ - 41.32 - 4.80 - 63.00 - 4:25.86 ,11.05,6.95,15.34,2.00,48.21,14.36,41.32,4.80,63.00,4:25.86,,,
156,8188,AkiHEIKKINEN,24FEB1980,FIN,2,Lahti(FIN),20AUG2000,1155, 10.93/-0.1 - 7.57/+2.3 - 14.11 - 1.90 - 49.23 / 14.88/+0.1 - 40.81 - 5.00 - 68.50 - 4:30.82 ,10.93,7.57,14.11,1.90,49.23,14.88,40.81,5.00,68.50,4:30.82,-0.1,+2.3,+0.1
156,8188,HarrisonWILLIAMS,07MAR1996,USA,3,"DrakeStadium,DesMoines,IA(USA)",26JUL2019,1155, 10.68/+1.8 - 7.16/+0.7 - 13.80 - 1.94 - 47.60 / 14.15/+3.8 - 42.64 - 5.30 - 49.77 - 4:29.71 ,10.68,7.16,13.80,1.94,47.60,14.15,42.64,5.30,49.77,4:29.71,+1.8,+0.7,+3.8
158,8183,IvanBABIY,22JUL1963,URS,9,Götzis(AUT),19JUN1988,1155, 10.96/-1.4 - 7.56/+3.6 - 14.51 - 2.02 - 48.72 / 14.07/+0.9 - 41.50 - 4.80 - 54.12 - 4:29.58 ,10.96,7.56,14.51,2.02,48.72,14.07,41.50,4.80,54.12,4:29.58,-1.4,+3.6,+0.9
159,8180,AkihikoNAKAMURA,23OCT1990,JPN,1,Nagano(JPN),12JUN2016,1154, 10.69/+1.8 - 7.65/+0.8 - 12.47 - 2.02 - 47.82 / 14.12/+2.1 - 35.58 - 4.90 - 54.18 - 4:16.30 ,10.69,7.65,12.47,2.02,47.82,14.12,35.58,4.90,54.18,4:16.30,+1.8,+0.8,+2.1
160,8179,IndrekKASEORG,16DEC1967,EST,9,Götzis(AUT),31MAY1998,1154, 11.25/+1.2 - 7.24/+1.9 - 14.42 - 2.09 - 48.82 / 14.59/+0.6 - 40.25 - 4.80 - 63.94 - 4:25.44 ,11.25,7.24,14.42,2.09,48.82,14.59,40.25,4.80,63.94,4:25.44,+1.2,+1.9,+0.6
160,8179,ArkadiyVASILYEV,19JAN1987,RUS,3,Debrecen(HUN),12JUL2007,1154, 10.93/+2.7 - 7.41/+0.8 - 14.62 - 1.99 - 50.02 / 14.55/-0.3 - 46.94 - 4.60 - 63.08 - 4:32.21 ,10.93,7.41,14.62,1.99,50.02,14.55,46.94,4.60,63.08,4:32.21,+2.7,+0.8,-0.3
162,8177,ArtemLUKYANENKO,30JAN1990,RUS,16,"Luzhniki,Moskva(RUS)",11AUG2013,1154, 11.11/-0.1 - 7.09/+0.6 - 14.43 - 1.99 - 49.01 / 14.21/+0.4 - 44.06 - 5.00 - 61.83 - 4:32.97 ,11.11,7.09,14.43,1.99,49.01,14.21,44.06,5.00,61.83,4:32.97,-0.1,+0.6,+0.4
163,8175,DominikDISTELBERGER,16MAR1990,AUT,5,"Mösle-Stadium,Götzis(AUT)",29MAY2016,1153, 10.71/+1.1 - 7.25/+0.3 - 13.76 - 1.94 - 48.47 / 14.45/-0.6 - 43.93 - 5.00 - 59.97 - 4:34.21 ,10.71,7.25,13.76,1.94,48.47,14.45,43.93,5.00,59.97,4:34.21,+1.1,+0.3,-0.6
164,8172,FredrikSAMUELSSON,16FEB1995,SWE,9,"Mösle-Stadium,Götzis(AUT)",28MAY2017,1153, 10.81/+1.4 - 7.50/+1.8 - 14.40 - 2.03 - 49.26 / 14.10/+1.4 - 40.03 - 5.00 - 56.21 - 4:39.52 ,10.81,7.50,14.40,2.03,49.26,14.10,40.03,5.00,56.21,4:39.52,+1.4,+1.8,+1.4
165,8171,JonRyanHARLAN,25APR1981,USA,1,"Austin,TX(USA)",12JUN2004,1153, 10.89/+1.6 - 6.97/+1.3 - 15.80 - 2.03 - 48.82 / 13.85/+3.1 - 41.87 - 5.00 - 61.07 - 4:56.81 ,10.89,6.97,15.80,2.03,48.82,13.85,41.87,5.00,61.07,4:56.81,+1.6,+1.3,+3.1
166,8169,BeiniaminoPOSERINA,06NOV1970,ITA,1,Formia(ITA),06OCT1996,1152, 10.93/+2.5 - 7.43/+3.9 - 13.99 - 1.99 - 48.82 / 14.60/-0.8 - 44.34 - 5.00 - 58.88 - 4:36.94 ,10.93,7.43,13.99,1.99,48.82,14.60,44.34,5.00,58.88,4:36.94,+2.5,+3.9,-0.8
166,8169,MichaelNOLAN,22SEP1973,CAN,11,"CommonwealthStadium,Edmonton(CAN)",07AUG2001,1152, 11.29/+0.3 - 6.98/-1.6 - 15.17 - 1.97 - 49.86 / 14.86/+0.6 - 50.30 - 4.90 - 64.57 - 4:31.44 ,11.29,6.98,15.17,1.97,49.86,14.86,50.30,4.90,64.57,4:31.44,+0.3,-1.6,+0.6
168,8166,VasiliyKHARLAMOV,08JAN1986,RUS,1,"NationalStadium,Shenzhen(CHN)",18AUG2011,1152, 11.25/+0.7 - 7.37/0.0 - 15.01 - 1.95 - 49.76 / 14.95/-0.5 - 46.03 - 5.20 - 62.82 - 4:38.88 ,11.25,7.37,15.01,1.95,49.76,14.95,46.03,5.20,62.82,4:38.88,+0.7,0.0,-0.5
169,8164,WilliamMOTTI,25JUL1964,FRA,7,"EstadioOlímpico,Barcelona(ESP)",06AUG1992,1152, 11.42/ - 7.13/ - 15.44 - 2.12 - 50.44 / 15.02/ - 50.58 - 4.70 - 67.50 - 4:48.89 ,11.42,7.13,15.44,2.12,50.44,15.02,50.58,4.70,67.50,4:48.89,,,
169,8164,ThorstenDAUTH,11MAR1968,GER,7,Götzis(AUT),28MAY1995,1152, 10.81/-0.4 - 6.98/+1.3 - 16.46 - 1.99 - 48.90 / 14.31/+0.7 - 49.86 - 4.30 - 4.30 - 4:33.19 ,10.81,6.98,16.46,1.99,48.90,14.31,49.86,4.30,4.30,4:33.19,-0.4,+1.3,+0.7
169,8164,FlorianGEFFROUAIS,05DEC1988,FRA,1,Reims(FRA),12JUL2014,1152, 11.07/+1.2 - 7.23/+1.9 - 15.11 - 1.93 - 48.91 / 14.86/+1.1 - 44.55 - 4.60 - 63.75 - 4:16.02 ,11.07,7.23,15.11,1.93,48.91,14.86,44.55,4.60,63.75,4:16.02,+1.2,+1.9,+1.1
172,8163,AshleyBRYANT,17MAY1991,GBR,10,"Mösle-Stadium,Götzis(AUT)",28MAY2017,1151, 10.89/+2.8 - 7.70/+0.1 - 14.20 - 1.97 - 49.69 / 14.69/+0.6 - 42.52 - 4.50 - 67.54 - 4:31.86 ,10.89,7.70,14.20,1.97,49.69,14.69,42.52,4.50,67.54,4:31.86,+2.8,+0.1,+0.6
173,8161,Dirk-AchimPAJONK,27MAR1969,GER,3,Lage(GER),16JUN1996,1151, 10.78/+2.3 - 7.35/+1.2 - 14.35 - 1.98 - 48.38 / 14.54/+1.5 - 42.00 - 4.70 - 55.90 - 4:18.58 ,10.78,7.35,14.35,1.98,48.38,14.54,42.00,4.70,55.90,4:18.58,+2.3,+1.2,+1.5
174,8160,BenjaminJENSEN,13APR1975,NOR,1,Roskilde(DEN),01AUG1999,1151, 10.86/+1.6 - 7.21/+2.1 - 13.50 - 1.97 - 49.54 / 14.50/+3.5 - 43.83 - 5.30 - 59.01 - 4:34.84 ,10.86,7.21,13.50,1.97,49.54,14.50,43.83,5.30,59.01,4:34.84,+1.6,+2.1,+3.5
175,8153,PhilippHUBER,18FEB1974,SUI,10,Götzis(AUT),04JUN2000,1150, 11.00/+0.9 - 7.32/+0.4 - 14.19 - 1.88 - 48.80 / 14.78/-2.2 - 44.60 - 5.05 - 59.44 - 4:21.06 ,11.00,7.32,14.19,1.88,48.80,14.78,44.60,5.05,59.44,4:21.06,+0.9,+0.4,-2.2
176,8152,NorbertDEMMEL,10MAY1963,FRG,3,Götzis(AUT),18JUN1989,1150, 11.20/-0.1 - 7.06/+0.8 - 16.24 - 1.96 - 48.59 / 14.76/-1.0 - 52.98 - 4.40 - 55.44 - 4:24.51 ,11.20,7.06,16.24,1.96,48.59,14.76,52.98,4.40,55.44,4:24.51,-0.1,+0.8,-1.0
176,8152,EduardMIKHAN,07JUN1989,BLR,2,Ostrava(CZE),15JUL2011,1150, 10.77/+1.6 - 7.54/+0.6 - 13.98 - 1.95 - 48.02 / 14.80/-0.5 - 44.54 - 4.60 - 57.10 - 4:23.67 ,10.77,7.54,13.98,1.95,48.02,14.80,44.54,4.60,57.10,4:23.67,+1.6,+0.6,-0.5
178,8151,SebastianKNABE,13OCT1978,GER,3,Ratingen(GER),17JUN2001,1150, 10.90/+2.8 - 7.66/+1.4 - 14.86 - 2.07 - 48.93 / 14.25/+1.5 - 43.39 - 4.76 - 50.61 - 4:42.03 ,10.90,7.66,14.86,2.07,48.93,14.25,43.39,4.76,50.61,4:42.03,+2.8,+1.4,+1.5
179,8149,ZsoltKÜRTÖSI,21MAR1971,HUN,11,"OlympicStadium,Sydney(AUS)",28SEP2000,1149, 11.00/+0.4 - 7.19/-0.1 - 15.13 - 2.00 - 48.81 / 14.15/0.0 - 46.62 - 4.80 - 57.16 - 4:43.39 ,11.00,7.19,15.13,2.00,48.81,14.15,46.62,4.80,57.16,4:43.39,+0.4,-0.1,0.0
180,8148,ViktorRADCHENKO,11MAY1968,URS,7,Götzis(AUT),31MAY1992,1149, 11.25/+1.7 - 7.12/+1.3 - 16.07 - 1.99 - 50.06 / 14.63/-0.1 - 43.96 - 5.10 - 65.82 - 4:47.92 ,11.25,7.12,16.07,1.99,50.06,14.63,43.96,5.10,65.82,4:47.92,+1.7,+1.3,-0.1
181,8146,RyszardSKOWRONEK,01MAY1949,POL,1,Warszawa(POL),23JUL1972,1149, N/A - N/A - N/A - N/A - N/A / N/A - N/A - N/A - N/A - N/A ,N,N,N/A,N/A,N/A,N,N/A,N/A,N/A,N/A,A,A,A
181,8146,DrewFUCCI,26MAY1967,USA,4,"Edwardsville,IL(USA)",18JUL1996,1149, 10.73/+3.8 - 7.61/+2.9 - 13.55 - 2.02 - 49.66 / 13.97/+2.9 - 40.98 - 5.00 - 60.48 - 4:54.54 ,10.73,7.61,13.55,2.02,49.66,13.97,40.98,5.00,60.48,4:54.54,+3.8,+2.9,+2.9
183,8142,FrédéricXHONNEUX,11MAY1983,BEL,1,"StadioTreStelle,DesenzanodelGarda(ITA)",11MAY2008,1148, 11.42/-0.3 - 7.33/+1.7 - 14.79 - 1.95 - 49.60 / 15.05/+0.3 - 45.36 - 4.95 - 63.56 - 4:20.53 ,11.42,7.33,14.79,1.95,49.60,15.05,45.36,4.95,63.56,4:20.53,-0.3,+1.7,+0.3
183,8142,JanDOLEŽAL,06JUN1996,CZE,1,Zlín(CZE),02JUN2019,1148, 11.02/0.0 - 7.34/+2.6 - 14.50 - 2.02 - 49.05 / 14.63/+0.2 - 46.14 - 4.80 - 62.51 - 4:46.47 ,11.02,7.34,14.50,2.02,49.05,14.63,46.14,4.80,62.51,4:46.47,0.0,+2.6,+0.2
185,8138,RomainMARTIN,12JUL1988,FRA,1,Oyonnax(FRA),15JUN2014,1148, 10.84/+1.3 - 7.47/+2.6 - 14.15 - 2.03 - 48.99 / 14.26/+0.9 - 36.25 - 4.77 - 65.72 - 4:38.57 ,10.84,7.47,14.15,2.03,48.99,14.26,36.25,4.77,65.72,4:38.57,+1.3,+2.6,+0.9
186,8137,KarlRobertSALURI,06AUG1993,EST,2,"Eugene,OR(USA)",07JUN2018,1147, 10.50/+0.5 - 7.70/+2.7 - 14.41 - 1.83 - 48.14 / 15.25/-0.7 - 42.95 - 4.81 - 56.91 - 4:24.49 ,10.50,7.70,14.41,1.83,48.14,15.25,42.95,4.81,56.91,4:24.49,+0.5,+2.7,-0.7
187,8136,StenEKBERG,25DEC1964,SWE,9,"EstadioOlímpico,Barcelona(ESP)",06AUG1992,1147, 11.11/ - 7.02/ - 14.32 - 2.03 - 48.91 / 14.97/ - 45.76 - 4.90 - 62.22 - 4:29.11 ,11.11,7.02,14.32,2.03,48.91,14.97,45.76,4.90,62.22,4:29.11,,,
187,8136,AleksandrPARKHOMENKO,21MAR1981,BLR,6,"UlleviStadium,Göteborg(SWE)",11AUG2006,1147, 11.33/-0.8 - 7.13/+0.9 - 15.93 - 2.00 - 50.33 / 14.58/+0.1 - 43.99 - 4.70 - 66.02 - 4:27.99 ,11.33,7.13,15.93,2.00,50.33,14.58,43.99,4.70,66.02,4:27.99,-0.8,+0.9,+0.1
189,8135,JackROSENDAAL,12SEP1973,NED,11,"Népstadion,Budapest(HUN)",20AUG1998,1147, 11.19/+1.7 - 7.02/+1.3 - 14.05 - 2.06 - 50.43 / 14.53/+0.8 - 42.70 - 4.90 - 63.89 - 4:20.39 ,11.19,7.02,14.05,2.06,50.43,14.53,42.70,4.90,63.89,4:20.39,+1.7,+1.3,+0.8
190,8133,ChadSMITH,09JAN1974,USA,1,"Atlanta,GA(USA)",17MAY2002,1147, 10.85/+0.2 - 7.18/+1.5 - 15.16 - 1.93 - 48.76 / 14.19/+0.5 - 46.32 - 4.85 - 58.53 - 4:45.81 ,10.85,7.18,15.16,1.93,48.76,14.19,46.32,4.85,58.53,4:45.81,+0.2,+1.5,+0.5
190,8133,RistoLILLEMETS,20NOV1997,EST,1,"Kadriorustaadion,Kadriorg,Tallinn(EST)",09AUG2020,1147, 10.94/+1.6 - 7.22/+0.8 - 14.96 - 1.99 - 50.30 / 14.69/+2.1 - 46.39 - 4.85 - 63.84 - 4:42.18 ,10.94,7.22,14.96,1.99,50.30,14.69,46.39,4.85,63.84,4:42.18,+1.6,+0.8,+2.1
192,8132,AndreasBECHMANN,28SEP1999,GER,1,"Fleinsbachstadion,Bernhausen,Filderstadt(GER)",15SEP2019,1147, 10.73/+0.6 - 7.58/+0.1 - 14.28 - 2.06 - 47.93 / 15.34/-0.2 - 36.93 - 5.10 - 61.43 - 4:48.58 ,10.73,7.58,14.28,2.06,47.93,15.34,36.93,5.10,61.43,4:48.58,+0.6,+0.1,-0.2
193,8131,AlexanderKRUGER,18NOV1963,GBR,2,Valladolid(ESP),02JUL1995,1146, 11.23/0.0 - 7.30/+0.4 - 14.20 - 2.13 - 49.27 / 14.77/-0.9 - 45.36 - 4.80 - 57.90 - 4:34.83 ,11.23,7.30,14.20,2.13,49.27,14.77,45.36,4.80,57.90,4:34.83,0.0,+0.4,-0.9
194,8130,DanSTEELE,20MAR1969,USA,8,"LaCartuja,Sevilla(ESP)",25AUG1999,1146, 10.84/+0.1 - 6.75/-0.6 - 14.12 - 1.91 - 47.04 / 14.50/+0.6 - 50.35 - 4.50 - 65.50 - 4:38.03 ,10.84,6.75,14.12,1.91,47.04,14.50,50.35,4.50,65.50,4:38.03,+0.1,-0.6,+0.6
194,8130,AydenOWENS,28MAY2000,PUR,1f4,"Azusa,CA(USA)",18APR2019,1146, 10.43/+1.1 - 7.53/+1.0 - 13.41 - 1.90 - 47.66 / 13.91/+2.2 - 43.14 - 4.60 - 51.21 - 4:28.90 ,10.43,7.53,13.41,1.90,47.66,13.91,43.14,4.60,51.21,4:28.90,+1.1,+1.0,+2.2
196,8128,ManuelEITEL,28JAN1997,GER,9,"Mösle-Stadium,Götzis(AUT)",26MAY2019,1146, 10.41/+0.9 - 7.32/+1.2 - 14.64 - 2.00 - 48.52 / 14.42/+0.7 - 41.90 - 4.80 - 57.27 - 4:50.48 ,10.41,7.32,14.64,2.00,48.52,14.42,41.90,4.80,57.27,4:50.48,+0.9,+1.2,+0.7
197,8127,FlorianSCHÖNBECK,13JAN1974,GER,1,Wesel(GER),03SEP2000,1146, 11.34/+0.1 - 7.28/0.0 - 14.13 - 1.91 - 49.07 / 14.54/+0.1 - 42.22 - 5.20 - 64.70 - 4:29.74 ,11.34,7.28,14.13,1.91,49.07,14.54,42.22,5.20,64.70,4:29.74,+0.1,0.0,+0.1
198,8126,RubenGADO,13DEC1993,FRA,1,Albi(FRA),07JUL2018,1146, 10.77/+2.9 - 7.55/+2.5 - 13.63 - 1.91 - 48.58 / 14.88/+1.2 - 39.87 - 5.10 - 56.41 - 4:20.86 ,10.77,7.55,13.63,1.91,48.58,14.88,39.87,5.10,56.41,4:20.86,+2.9,+2.5,+1.2
199,8125,JorgeUREÑA,08OCT1993,ESP,9,"OlympicStadium,London(GBR)",12AUG2017,1146, 11.00/-0.8 - 7.30/-0.4 - 13.91 - 2.08 - 48.72 / 14.15/+0.4 - 36.33 - 5.00 - 56.06 - 4:26.46 ,11.00,7.30,13.91,2.08,48.72,14.15,36.33,5.00,56.06,4:26.46,-0.8,-0.4,+0.4
200,8123,YevgeniySARANTSEV,05FEB1988,RUS,1,"Adler,Sochi(RUS)",16MAY2014,1145, 11.20/+0.8 - 7.19/0.0 - 15.34 - 2.03 - 50.57 / 15.07/+0.1 - 42.60 - 5.00 - 66.44 - 4:35.09 ,11.20,7.19,15.34,2.03,50.57,15.07,42.60,5.00,66.44,4:35.09,+0.8,0.0,+0.1
201,8122,KlausAMBROSCH,23MAY1973,AUT,6,Götzis(AUT),27MAY2001,1145, 10.93/+0.3 - 7.39/+0.7 - 14.71 - 1.94 - 49.33 / 14.56/-0.6 - 39.52 - 4.80 - 68.15 - 4:36.36 ,10.93,7.39,14.71,1.94,49.33,14.56,39.52,4.80,68.15,4:36.36,+0.3,+0.7,-0.6
201,8122,IndrekTURI,30JUL1981,EST,2,Daegu(KOR),29AUG2003,1145, 11.05/+0.1 - 7.01/+1.3 - 14.31 - 2.10 - 49.72 / 14.36/+1.6 - 40.23 - 5.00 - 62.84 - 4:39.69 ,11.05,7.01,14.31,2.10,49.72,14.36,40.23,5.00,62.84,4:39.69,+0.1,+1.3,+1.6
203,8121,JiříSÝKORA,20JAN1995,CZE,6,"Mösle-Stadium,Götzis(AUT)",29MAY2016,1145, 10.86/+1.1 - 7.41/+1.6 - 14.19 - 2.00 - 48.97 / 14.36/0.0 - 45.21 - 4.60 - 58.64 - 4:36.47 ,10.86,7.41,14.19,2.00,48.97,14.36,45.21,4.60,58.64,4:36.47,+1.1,+1.6,0.0
204,8120,MarcusNILSSON,03MAY1991,SWE,3,"Stadionring,Ratingen(GER)",17JUN2018,1145, 11.25/+1.0 - 6.95/+0.7 - 14.91 - 1.98 - 50.52 / 14.58/+1.3 - 45.07 - 5.00 - 63.68 - 4:24.62 ,11.25,6.95,14.91,1.98,50.52,14.58,45.07,5.00,63.68,4:24.62,+1.0,+0.7,+1.3
205,8119,AndresRAJA,02JUN1982,EST,14,"Olympiastadion,Berlin(GER)",20AUG2009,1145, 10.82/+0.2 - 7.38/+0.4 - 14.55 - 1.99 - 49.00 / 14.22/+0.3 - 42.75 - 4.80 - 57.73 - 4:40.73 ,10.82,7.38,14.55,1.99,49.00,14.22,42.75,4.80,57.73,4:40.73,+0.2,+0.4,+0.3
206,8118,MichaelMORRISON,18MAR1988,USA,1,"DesMoines,IA(USA)",10JUN2011,1144, 10.66/+2.8 - 7.52/+0.8 - 13.00 - 1.87 - 48.06 / 14.48/+1.8 - 41.82 - 5.00 - 60.47 - 4:35.35 ,10.66,7.52,13.00,1.87,48.06,14.48,41.82,5.00,60.47,4:35.35,+2.8,+0.8,+1.8
207,8114,BrentNEWDICK,31JAN1985,NZL,8,"Mösle-Stadium,Götzis(AUT)",29MAY2011,1144, 10.95/+0.6 - 7.45/+0.4 - 14.17 - 1.94 - 49.61 / 14.76/-0.9 - 46.65 - 4.66 - 63.03 - 4:32.50 ,10.95,7.45,14.17,1.94,49.61,14.76,46.65,4.66,63.03,4:32.50,+0.6,+0.4,-0.9
208,8112,IvanGRIGORYEV,27OCT1989,RUS,2,"Adler,Sochi(RUS)",16MAY2014,1144, 10.84/+0.8 - 7.28/0.0 - 13.67 - 2.00 - 49.70 / 14.72/+0.1 - 43.02 - 5.00 - 61.81 - 4:35.28 ,10.84,7.28,13.67,2.00,49.70,14.72,43.02,5.00,61.81,4:35.28,+0.8,0.0,+0.1
208,8112,ArtyomMAKARENKO,23APR1997,RUS,3,Smolensk(RUS),10JUN2017,1144, 11.00/+0.7 - 7.03/+0.2 - 14.62 - 2.03 - 48.70 / 13.82/+1.4 - 40.71 - 5.00 - 51.55 - 4:27.99 ,11.00,7.03,14.62,2.03,48.70,13.82,40.71,5.00,51.55,4:27.99,+0.7,+0.2,+1.4
210,8111,MarcelDOST,28SEP1969,NED,18,"OlympicStadium,Atlanta,GA(USA)",01AUG1996,1143, 10.87/ - 7.21/ - 13.91 - 1.95 - 48.19 / 14.52/ - 41.92 - 5.20 - 57.76 - 4:38.81 ,10.87,7.21,13.91,1.95,48.19,14.52,41.92,5.20,57.76,4:38.81,,,
211,8110,NadirELFASSI,23SEP1983,FRA,1,St-Etienne(FRA),27JUN2010,1143, 11.10/-0.3 - 7.32/0.0 - 13.98 - 2.04 - 50.43 / 14.54/+1.5 - 41.22 - 4.90 - 59.31 - 4:19.17 ,11.10,7.32,13.98,2.04,50.43,14.54,41.22,4.90,59.31,4:19.17,-0.3,0.0,+1.5
212,8108,DavidMEWES,07OCT1976,GER,12,Götzis(AUT),04JUN2000,1143, 11.32/+2.1 - 7.46/+1.2 - 15.64 - 2.00 - 50.39 / 14.82/-2.1 - 47.51 - 4.65 - 61.19 - 4:34.83 ,11.32,7.46,15.64,2.00,50.39,14.82,47.51,4.65,61.19,4:34.83,+2.1,+1.2,-2.1
213,8106,MustafaABDUR-RAHIM,29SEP1982,USA,1,"Alamosa,CO(USA)",19APR2008,1143, 10.72/0.0 - 7.22/+0.5 - 14.29 - 1.94 - 48.22 / 14.21/+2.8 - 51.45 - 4.40 - 54.72 - 4:39.60 ,10.72,7.22,14.29,1.94,48.22,14.21,51.45,4.40,54.72,4:39.60,0.0,+0.5,+2.8
214,8102,RolandSCHWARZL,10DEC1980,AUT,10,"OlympicStadium,Athina(GRE)",24AUG2004,1142, 10.98/-0.2 - 7.49/+0.9 - 14.01 - 1.94 - 49.76 / 14.25/+2.3 - 42.43 - 5.10 - 56.32 - 4:33.56 ,10.98,7.49,14.01,1.94,49.76,14.25,42.43,5.10,56.32,4:33.56,-0.2,+0.9,+2.3
214,8102,DanielAWDE,22JUN1988,GBR,1,Arona(ESP),27MAY2012,1142, 10.87/-1.1 - 7.47/0.0 - 13.67 - 1.91 - 47.14 / 14.44/+0.5 - 42.88 - 4.70 - 54.55 - 4:23.66 ,10.87,7.47,13.67,1.91,47.14,14.44,42.88,4.70,54.55,4:23.66,-1.1,0.0,+0.5
216,8101,KarelTILGA,05FEB1998,EST,11,"Mösle-Stadium,Götzis(AUT)",27MAY2018,1142, 11.04/+0.3 - 7.33/+1.0 - 15.32 - 2.09 - 49.82 / 15.25/-2.4 - 40.72 - 4.70 - 69.25 - 4:46.34 ,11.04,7.33,15.32,2.09,49.82,15.25,40.72,4.70,69.25,4:46.34,+0.3,+1.0,-2.4
217,8100,MaksimANDRALOITS,17JUN1997,BLR,2,"DinamoNationalOlympicStadium,Minsk(BLR)",01AUG2020,1142, 10.95/+0.3 - 7.08/0.0 - 15.37 - 2.07 - 49.12 / 14.45/-2.0 - 45.14 - 4.90 - 57.38 - 4:54.08 ,10.95,7.08,15.37,2.07,49.12,14.45,45.14,4.90,57.38,4:54.08,+0.3,0.0,-2.0
218,8099,ValeriyBELOUSOV,22JAN1970,RUS,3,Helmond(NED),02JUL1995,1142, 11.24/+0.2 - 7.11/-1.7 - 14.04 - 2.13 - 50.50 / 14.36/+0.1 - 41.22 - 4.80 - 61.08 - 4:24.43 ,11.24,7.11,14.04,2.13,50.50,14.36,41.22,4.80,61.08,4:24.43,+0.2,-1.7,+0.1
218,8099,JacobMINAH,03APR1982,GER,1,Bangkok(THA),13AUG2007,1142, 10.75/-0.6 - 7.87/+0.1 - 13.80 - 1.92 - 47.79 / 14.38/-0.2 - 42.38 - 4.80 - 52.66 - 4:41.11 ,10.75,7.87,13.80,1.92,47.79,14.38,42.38,4.80,52.66,4:41.11,-0.6,+0.1,-0.2
220,8094,LionelMARCENY,17JUL1974,FRA,4,Arles(FRA),04JUN2000,1141, 10.84/+1.9 - 7.72/+2.6 - 12.90 - 1.99 - 48.61 / 14.29/+0.6 - 40.43 - 5.15 - 50.82 - 4:36.26 ,10.84,7.72,12.90,1.99,48.61,14.29,40.43,5.15,50.82,4:36.26,+1.9,+2.6,+0.6
220,8094,ScottFILIP,28JAN1995,USA,2,"Dallas,TX(USA)",02JUN2019,1141, 10.69/+0.6 - 7.47/0.0 - 14.77 - 2.00 - 48.01 / 14.89/0.0 - 37.51 - 4.80 - 61.85 - 4:43.82 ,10.69,7.47,14.77,2.00,48.01,14.89,37.51,4.80,61.85,4:43.82,+0.6,0.0,0.0
222,8088,AndreiNAZAROV,09JAN1965,EST,10,"UlleviStadium,Göteborg(SWE)",07AUG1995,1140, 10.95/+0.2 - 7.35/+3.0 - 13.34 - 2.07 - 49.46 / 14.23/+2.0 - 43.42 - 4.80 - 58.94 - 4:41.39 ,10.95,7.35,13.34,2.07,49.46,14.23,43.42,4.80,58.94,4:41.39,+0.2,+3.0,+2.0
223,8086,IsaacMURPHY,10MAY1990,USA,4,"Eugene,OR(USA)",06JUN2013,1140, 10.61/+2.4 - 7.43/+3.8 - 13.91 - 1.90 - 48.25 / 14.34/+2.1 - 42.73 - 4.90 - 52.86 - 4:33.30 ,10.61,7.43,13.91,1.90,48.25,14.34,42.73,4.90,52.86,4:33.30,+2.4,+3.8,+2.1
223,8086,TaaviTŠERNJAVSKI,04MAR1995,EST,1,"Staadion,Rakvere(EST)",08JUL2020,1140, 10.98/+1.6 - 7.22/+1.6 - 15.13 - 1.96 - 49.35 / 14.69/-1.5 - 46.16 - 4.80 - 59.86 - 4:39.76 ,10.98,7.22,15.13,1.96,49.35,14.69,46.16,4.80,59.86,4:39.76,+1.6,+1.6,-1.5
225,8085,TrondHÖIBY,24JAN1973,NOR,1,Herentals(BEL),04JUL1999,1139, 11.63/-3.5 - 6.89/+3.2 - 15.10 - 2.10 - 50.31 / 15.18/-0.9 - 46.85 - 4.80 - 66.20 - 4:26.70 ,11.63,6.89,15.10,2.10,50.31,15.18,46.85,4.80,66.20,4:26.70,-3.5,+3.2,-0.9
226,8084,AleksandrAVERBUKH,01OCT1974,RUS,1,Krasnodar(RUS),21MAY1997,1139, 10.94/+0.5 - 7.50/+0.1 - 14.14 - 2.05 - 49.60 / 16.11/+0.4 - 40.68 - 5.60 - 61.12 - 4:33.79 ,10.94,7.50,14.14,2.05,49.60,16.11,40.68,5.60,61.12,4:33.79,+0.5,+0.1,+0.4
226,8084,CurtisBEACH,22JUL1990,USA,2,"DesMoines,IA(USA)",10JUN2011,1139, 10.78/+1.6 - 7.36/-1.1 - 12.08 - 2.02 - 46.90 / 14.76/+0.4 - 38.07 - 4.80 - 48.42 - 3:59.13 ,10.78,7.36,12.08,2.02,46.90,14.76,38.07,4.80,48.42,3:59.13,+1.6,-1.1,+0.4
228,8079,RainerSONNENBURG,20OCT1960,FRG,11,Götzis(AUT),19JUN1988,1138, 10.88/-1.4 - 7.69/+3.3 - 15.24 - 1.96 - 50.00 / 14.51/+0.8 - 45.16 - 4.20 - 62.68 - 4:38.15 ,10.88,7.69,15.24,1.96,50.00,14.51,45.16,4.20,62.68,4:38.15,-1.4,+3.3,+0.8
229,8074,PeterWINTER,17JAN1971,AUS,2,Victoria(CAN),24AUG1994,1138, 10.79/+0.8 - 7.65/+2.7 - 13.68 - 1.95 - 47.95 / 14.47/+0.5 - 41.08 - 4.90 - 60.40 - 4:54.94 ,10.79,7.65,13.68,1.95,47.95,14.47,41.08,4.90,60.40,4:54.94,+0.8,+2.7,+0.5
230,8073,FedorLAUKHIN,13FEB1974,UKR,1,Kiev(UKR),28JUL2000,1138, 11.09/+0.5 - 7.35/+0.6 - 12.70 - 2.06 - 49.86 / 14.56/+1.5 - 39.66 - 5.00 - 58.80 - 4:19.62 ,11.09,7.35,12.70,2.06,49.86,14.56,39.66,5.00,58.80,4:19.62,+0.5,+0.6,+1.5
231,8071,SándorMUNKÁCSY,24JUL1969,HUN,6,"OlympicStadium,Helsinki(FIN)",13AUG1994,1137, 11.14/+1.7 - 7.65/+2.0 - 13.02 - 1.93 - 48.38 / 14.24/+1.2 - 42.00 - 4.70 - 56.94 - 4:20.27 ,11.14,7.65,13.02,1.93,48.38,14.24,42.00,4.70,56.94,4:20.27,+1.7,+2.0,+1.2
232,8070,AleksandrTABALA,23MAY1986,RUS,3,"Adler,Sochi(RUS)",08MAY2012,1137, 11.73/+1.2 - 7.02/+0.8 - 15.29 - 2.06 - 51.87 / 14.78/+0.5 - 47.37 - 5.00 - 64.16 - 4:29.65 ,11.73,7.02,15.29,2.06,51.87,14.78,47.37,5.00,64.16,4:29.65,+1.2,+0.8,+0.5
233,8069,ProdromosKORKIZOGLOU,27FEB1975,GRE,1,Ibach(SUI),02JUL2000,1137, 10.60/+1.3 - 7.24/+1.1 - 14.39 - 2.01 - 49.86 / 14.25/+0.4 - 41.82 - 5.00 - 56.93 - 4:50.77 ,10.60,7.24,14.39,2.01,49.86,14.25,41.82,5.00,56.93,4:50.77,+1.3,+1.1,+0.4
234,8068,DakotahKEYS,27SEP1991,USA,3,"Eugene,OR(USA)",12JUN2014,1137, 11.12/+2.3 - 7.31/+2.0 - 13.74 - 2.02 - 50.00 / 14.78/+0.2 - 37.93 - 4.90 - 68.18 - 4:28.29 ,11.12,7.31,13.74,2.02,50.00,14.78,37.93,4.90,68.18,4:28.29,+2.3,+2.0,+0.2
235,8066,TimEHRHARDT,16MAR1995,USA,3f4,"Azusa,CA(USA)",18APR2019,1136, 10.96/+1.1 - 7.44/+1.0 - 13.23 - 1.99 - 47.91 / 15.29/+0.5 - 39.51 - 5.30 - 52.57 - 4:23.66 ,10.96,7.44,13.23,1.99,47.91,15.29,39.51,5.30,52.57,4:23.66,+1.1,+1.0,+0.5
236,8065,DmitriyIVANOV,23MAR1977,RUS,1,St.Petersburg(RUS),10JUN2001,1136, 10.82/0.0 - 7.26/0.0 - N/A - N/A - N/A / 14.56/0.0 - N/A - 4.80 - N/A - N/A ,10.82,7.26,N/A,N/A,N/A,14.56,N/A,4.80,N/A,N/A,0.0,0.0,0.0
236,8065,GonzaloBARROILHET,13AUG1986,CHI,1,"Charlottesville,VA(USA)",20APR2012,1136, 10.99/+0.8 - 6.96/0.0 - 14.34 - 2.06 - 50.84 / 14.14/+0.2 - 45.22 - 5.30 - 54.70 - 4:49.19 ,10.99,6.96,14.34,2.06,50.84,14.14,45.22,5.30,54.70,4:49.19,+0.8,0.0,+0.2
238,8064,SheldonBLOCKBURGER,19SEP1964,USA,8,Götzis(AUT),29MAY1994,1136, 10.60/+2.1 - 7.67/+2.7 - 14.73 - 2.11 - 53.76 / 14.83/-3.0 - 42.74 - 4.70 - 60.88 - 4:45.52 ,10.60,7.67,14.73,2.11,53.76,14.83,42.74,4.70,60.88,4:45.52,+2.1,+2.7,-3.0
239,8061,StephenHARRIS,05DEC1980,USA,1,"Sacramento,CA(USA)",12JUN2003,1136, 10.87/-1.2 - 7.50/+2.0 - 12.60 - 2.05 - 47.96 / 14.50/-3.0 - 39.96 - 4.70 - 58.69 - 4:33.73 ,10.87,7.50,12.60,2.05,47.96,14.50,39.96,4.70,58.69,4:33.73,-1.2,+2.0,-3.0
240,8058,SimonHECHLER,15JUN1988,GER,1,"ChulaVista,CA(USA)",14AUG2011,1135, 10.62/+1.5 - 7.67/+2.9 - 13.85 - 1.92 - 49.89 / 14.56/+1.5 - 44.09 - 4.61 - 58.18 - 4:35.39 ,10.62,7.67,13.85,1.92,49.89,14.56,44.09,4.61,58.18,4:35.39,+1.5,+2.9,+1.5
241,8056,PaoloCASARSA,02JUL1975,ITA,1,Südstadt(AUT),06JUN2004,1135, 11.09/+0.5 - 7.09/+0.3 - 15.48 - 2.00 - 50.28 / 14.30/+1.4 - 49.59 - 4.80 - 61.63 - 5:02.31 ,11.09,7.09,15.48,2.00,50.28,14.30,49.59,4.80,61.63,5:02.31,+0.5,+0.3,+1.4
242,8055,NikolaySHUBENOK,04MAY1985,BLR,1,Asikkala(FIN),05AUG2012,1135, 11.48/+0.2 - 7.14/+0.2 - 14.97 - 2.07 - 50.59 / 14.58/-0.4 - 43.50 - 4.80 - 63.65 - 4:32.59 ,11.48,7.14,14.97,2.07,50.59,14.58,43.50,4.80,63.65,4:32.59,+0.2,+0.2,-0.4
243,8051,VolodimirMIKHAYLENKO,27AUG1973,UKR,1,Kiev(UKR),04JUN2000,1134, 11.07/+0.7 - 7.53/+1.1 - 14.20 - 2.00 - 48.56 / 14.56/+1.0 - 41.00 - 4.90 - 50.70 - 4:25.9h ,11.07,7.53,14.20,2.00,48.56,14.56,41.00,4.90,50.70,4:25.9h,+0.7,+1.1,+1.0
243,8051,NielsPITTOMVILS,18JUL1992,BEL,10,"Mösle-Stadium,Götzis(AUT)",29MAY2016,1134, 11.15/+0.3 - 7.24/+3.0 - 13.40 - 2.00 - 50.14 / 14.77/-0.7 - 44.43 - 5.20 - 57.89 - 4:30.85 ,11.15,7.24,13.40,2.00,50.14,14.77,44.43,5.20,57.89,4:30.85,+0.3,+3.0,-0.7
245,8048,NikolayAVERYANOV,04FEB1980,RUS,1,Tula(RUS),24JUN2004,1134, 10.65/+0.3 - 7.60/+0.7 - 14.55 - 1.91 - 50.10 / 14.63/+1.9 - 40.77 - 4.80 - 55.10 - 4:26.86 ,10.65,7.60,14.55,1.91,50.10,14.63,40.77,4.80,55.10,4:26.86,+0.3,+0.7,+1.9
245,8048,GeorniJARAMILLO,06MAR1989,VEN,1,Barquisimeto(VEN),05MAY2018,1134, 10.86/-0.5 - 7.59/+1.3 - 16.10 - 1.83 - 48.56 / 14.10/-1.8 - 44.86 - 4.50 - 61.60 - 5:00.05 ,10.86,7.59,16.10,1.83,48.56,14.10,44.86,4.50,61.60,5:00.05,-0.5,+1.3,-1.8
245,8048,ItuahENAHORO,15DEC1997,GER,5,"Stadionring,Ratingen(GER)",17JUN2018,1134, 10.63/+1.0 - 7.45/-0.2 - 14.19 - 1.86 - 47.91 / 14.35/+0.9 - 47.56 - 4.40 - 52.94 - 4:31.29 ,10.63,7.45,14.19,1.86,47.91,14.35,47.56,4.40,52.94,4:31.29,+1.0,-0.2,+0.9
248,8047,CedricLOPEZ,13FEB1973,FRA,13,"OlympicStadium,Athina(GRE)",06AUG1997,1133, 11.21/+0.5 - 7.13/+0.6 - 13.48 - 2.09 - 48.88 / 14.75/-0.5 - 40.96 - 4.60 - 64.88 - 4:25.96 ,11.21,7.13,13.48,2.09,48.88,14.75,40.96,4.60,64.88,4:25.96,+0.5,+0.6,-0.5
249,8046,HunterVEITH,14JAN1995,USA,1,"Austin,TX(USA)",29MAR2018,1133, 10.72/+0.9 - 7.78/+0.9 - 13.47 - 2.10 - 48.66 / 14.77/+2.1 - 37.47 - 4.90 - 55.76 - 4:52.63 ,10.72,7.78,13.47,2.10,48.66,14.77,37.47,4.90,55.76,4:52.63,+0.9,+0.9,+2.1
250,8045,RojsPIZIKS,12FEB1971,LAT,2,Riga(LAT),16JUN1996,1133, 11.33/+3.0 - 7.21/+0.9 - 15.04 - 2.13 - 51.90 / 14.92/+1.7 - 46.42 - 4.60 - 62.52 - 4:33.07 ,11.33,7.21,15.04,2.13,51.90,14.92,46.42,4.60,62.52,4:33.07,+3.0,+0.9,+1.7
250,8045,ChristopherHALLMANN,06JUN1983,GER,1,Vaterstetten(GER),05SEP2004,1133, 10.65/+0.7 - 7.19/-0.1 - 12.86 - 1.91 - 47.87 / 14.53/+1.1 - 41.16 - 4.70 - 61.90 - 4:26.31 ,10.65,7.19,12.86,1.91,47.87,14.53,41.16,4.70,61.90,4:26.31,+0.7,-0.1,+1.1
252,8044,MateoSOSSAH,28APR1988,USA,2,"Fayetteville,AR(USA)",11JUN2009,1133, 11.31/+2.8 - 7.30/+4.0 - 13.63 - 2.08 - 49.19 / 14.62/+0.4 - 42.44 - 4.60 - 58.88 - 4:20.50 ,11.31,7.30,13.63,2.08,49.19,14.62,42.44,4.60,58.88,4:20.50,+2.8,+4.0,+0.4
253,8043,NikolayTISHCHENKO,04FEB1977,RUS,1,Krasnodar(RUS),29MAY2004,1133, 10.86/+2.1 - 7.61/0.0 - 14.50 - 1.94 - 49.91 / 14.40/+0.1 - 42.82 - 4.80 - 55.08 - 4:36.40 ,10.86,7.61,14.50,1.94,49.91,14.40,42.82,4.80,55.08,4:36.40,+2.1,0.0,+0.1
254,8042,AlbertoJUANTORENA,27JUN1977,CUB,1,LaHabana(CUB),22JUN2007,1133, 10.7h/ - 7.40/+1.0 - 13.35 - 2.11 - 49.3h / 14.8h/ - 45.18 - 4.60 - 59.30 - 4:38.6h ,10.7h,7.40,13.35,2.11,49.3h,14.8h,45.18,4.60,59.30,4:38.6h,,+1.0,
255,8039,ThomasTEBBICH,04FEB1975,AUT,7,Götzis(AUT),30MAY1999,1132, 11.09/-0.8 - 7.40/-2.5 - 14.45 - 1.97 - 49.82 / 14.97/-1.5 - 42.57 - 4.80 - 66.72 - 4:40.90 ,11.09,7.40,14.45,1.97,49.82,14.97,42.57,4.80,66.72,4:40.90,-0.8,-2.5,-1.5
256,8037,StephenMOORE,13AUG1975,USA,2,Aachen(GER),08AUG1999,1132, 10.61/+0.8 - 7.60/+3.6 - 12.57 - 2.13 - 48.27 / 14.56/-0.1 - 39.64 - 4.70 - 53.14 - 4:44.51 ,10.61,7.60,12.57,2.13,48.27,14.56,39.64,4.70,53.14,4:44.51,+0.8,+3.6,-0.1
257,8036,SimonSHIRLEY,03AUG1966,AUS,15,"OlympicStadium,Jamsil,Seoul(KOR)",29SEP1988,1132, 11.03/ - 7.45/ - 14.20 - 1.97 - 48.84 / 15.44/ - 41.68 - 4.70 - 64.00 - 4:27.48 ,11.03,7.45,14.20,1.97,48.84,15.44,41.68,4.70,64.00,4:27.48,,,
257,8036,JörgGOEDICKE,25JUN1974,GER,2,"Bernhausen,Filderstadt(GER)",22JUL2001,1132, 11.20/+0.1 - 7.64/+0.3 - 14.42 - 2.00 - 50.56 / 14.72/-0.4 - 41.81 - 4.95 - 59.68 - 4:38.44 ,11.20,7.64,14.42,2.00,50.56,14.72,41.81,4.95,59.68,4:38.44,+0.1,+0.3,-0.4
257,8036,PavelANDREYEV,24NOV1978,UZB,1,Tashkent(UZB),21MAY2004,1132, 11.36/+0.6 - 6.98/-0.5 - 15.33 - 2.07 - 50.38 / 14.93/+0.4 - 45.69 - 4.80 - 61.10 - 4:32.56 ,11.36,6.98,15.33,2.07,50.38,14.93,45.69,4.80,61.10,4:32.56,+0.6,-0.5,+0.4
260,8033,KristjanROSENBERG,16MAY1994,EST,4,Lutsk(UKR),07JUL2019,1131, 10.95/-0.6 - 7.34/+3.2 - 13.27 - 2.16 - 49.06 / 14.91/+0.8 - 40.84 - 5.00 - 51.70 - 4:36.21 ,10.95,7.34,13.27,2.16,49.06,14.91,40.84,5.00,51.70,4:36.21,-0.6,+3.2,+0.8
261,8032,DariusDRAUDVILA,29MAR1983,LTU,6,"EstadioOlímpico,Barcelona(ESP)",29JUL2010,1131, 10.71/-0.6 - 7.52/+1.9 - 15.08 - 2.04 - 48.43 / 14.29/-0.2 - 44.53 - 4.55 - 52.59 - 5:02.17 ,10.71,7.52,15.08,2.04,48.43,14.29,44.53,4.55,52.59,5:02.17,-0.6,+1.9,-0.2
261,8032,DennisHUTTERER,04MAY1996,GER,1,Darmstadt(GER),13MAY2018,1131, 11.10/0.0 - 7.27/0.0 - 14.18 - 2.08 - 50.53 / 15.10/-0.9 - 48.41 - 4.90 - 53.26 - 4:34.13 ,11.10,7.27,14.18,2.08,50.53,15.10,48.41,4.90,53.26,4:34.13,0.0,0.0,-0.9
263,8031,RikTAAM,17JAN1997,NED,1,Emmeloord(NED),06SEP2020,1131, 10.80/+2.4 - 7.07/+0.6 - 14.52 - 1.97 - 48.92 / 14.62/+0.3 - 42.23 - 4.70 - 57.53 - 4:26.53 ,10.80,7.07,14.52,1.97,48.92,14.62,42.23,4.70,57.53,4:26.53,+2.4,+0.6,+0.3
264,8025,RudyBOURGUIGNON,16JUL1979,FRA,6,"StadePierrePaulBernard,Talence(FRA)",18SEP2005,1130, 10.91/+3.4 - 7.28/+2.7 - 14.30 - 1.89 - 50.31 / 15.03/+1.7 - 42.55 - 5.20 - 59.70 - 4:30.19 ,10.91,7.28,14.30,1.89,50.31,15.03,42.55,5.20,59.70,4:30.19,+3.4,+2.7,+1.7
264,8025,JangyADDY,02MAR1985,USA,6,"Eugene,OR(USA)",30JUN2008,1130, 10.77/-0.4 - 7.20/-1.2 - 15.63 - 1.96 - 48.61 / 13.73/+1.9 - 47.08 - 4.40 - 57.10 - 5:05.07 ,10.77,7.20,15.63,1.96,48.61,13.73,47.08,4.40,57.10,5:05.07,-0.4,-1.2,+1.9
266,8023,HamdiDHOUIBI,24JAN1982,TUN,11,"OlympicStadium,Helsinki(FIN)",10AUG2005,1130, 10.67/+3.2 - 7.43/+0.5 - 12.85 - 1.94 - 47.04 / 14.56/-1.9 - 41.17 - 4.80 - 52.83 - 4:31.24 ,10.67,7.43,12.85,1.94,47.04,14.56,41.17,4.80,52.83,4:31.24,+3.2,+0.5,-1.9
266,8023,StevenBASTIEN,04MAR1994,USA,4,"DrakeStadium,DesMoines,IA(USA)",26JUL2019,1130, 10.71/+1.4 - 7.49/+2.2 - 13.30 - 2.00 - 48.63 / 14.53/+3.8 - 39.17 - 4.70 - 57.23 - 4:32.74 ,10.71,7.49,13.30,2.00,48.63,14.53,39.17,4.70,57.23,4:32.74,+1.4,+2.2,+3.8
268,8022,AlekseyLYAKH,04MAY1962,URS,7,Basel(SUI),05JUL1987,1130, 11.42/-1.4 - 7.20/+1.7 - 15.27 - 2.07 - 50.26 / 14.90/+0.3 - 45.06 - 5.00 - 61.50 - 4:48.94 ,11.42,7.20,15.27,2.07,50.26,14.90,45.06,5.00,61.50,4:48.94,-1.4,+1.7,+0.3
269,8021,VitaliySMIRNOV,25OCT1978,UZB,1,Manila(PHI),23SEP2003,1129, 10.91/+0.8 - 7.18/ - 13.80 - 2.03 - 48.82 / 14.69/+1.2 - 42.72 - 4.60 - 62.23 - 4:37.18 ,10.91,7.18,13.80,2.03,48.82,14.69,42.72,4.60,62.23,4:37.18,+0.8,,+1.2
270,8019,RolfSCHLÄFLI,15MAR1971,SUI,4,Götzis(AUT),01JUN2003,1129, 11.07/+0.4 - 7.28/+1.3 - 15.53 - 1.88 - 48.69 / 14.80/-1.2 - 42.94 - 4.70 - 65.14 - 4:42.29 ,11.07,7.28,15.53,1.88,48.69,14.80,42.94,4.70,65.14,4:42.29,+0.4,+1.3,-1.2
271,8012,FlorianOBST,24FEB1993,GER,6,"Stadionring,Ratingen(GER)",17JUN2018,1128, 10.76/+1.0 - 7.28/+1.3 - 15.54 - 1.86 - 48.81 / 14.78/+0.9 - 50.97 - 4.70 - 55.31 - 4:54.87 ,10.76,7.28,15.54,1.86,48.81,14.78,50.97,4.70,55.31,4:54.87,+1.0,+1.3,+0.9
272,8010,ChrisHELWICK,18MAR1985,USA,7,"Eugene,OR(USA)",30JUN2008,1128, 11.34/-0.4 - 6.98/-0.3 - 13.80 - 1.99 - 50.20 / 15.26/+1.7 - 44.25 - 4.90 - 67.35 - 4:21.44 ,11.34,6.98,13.80,1.99,50.20,15.26,44.25,4.90,67.35,4:21.44,-0.4,-0.3,+1.7
273,8009,ReneSTAUSS,17SEP1987,GER,2,Düsseldorf(GER),30JUL2017,1128, 11.30/-0.7 - 7.22/+0.5 - 14.23 - 2.11 - 50.76 / 15.40/+1.3 - 47.21 - 4.95 - 58.58 - 4:37.73 ,11.30,7.22,14.23,2.11,50.76,15.40,47.21,4.95,58.58,4:37.73,-0.7,+0.5,+1.3
274,8007,DouglasPIRINI,06SEP1969,NZL,4,KualaLumpur(MAS),18SEP1998,1127, 10.93/-0.6 - 7.36/+0.1 - 14.36 - 1.92 - 48.31 / 14.85/0.0 - 45.62 - 4.70 - 59.33 - 4:43.14 ,10.93,7.36,14.36,1.92,48.31,14.85,45.62,4.70,59.33,4:43.14,-0.6,+0.1,0.0
274,8007,AleksandrSHTEPA,15MAY1979,RUS,1,Krasnodar(RUS),25MAY2002,1127, 10.90/ - 7.10/ - 16.25 - 1.91 - 51.26 / 14.96/ - 49.40 - 4.60 - 60.02 - 4:37.00 ,10.90,7.10,16.25,1.91,51.26,14.96,49.40,4.60,60.02,4:37.00,,,
276,8004,MoritzCLEVE,18FEB1987,GER,1,"Lubbock,TX(USA)",16MAY2009,1127, 10.75/+2.6 - 7.31/+3.9 - 14.34 - 1.95 - 48.39 / 14.28/+1.0 - 41.04 - 4.35 - 56.11 - 4:24.44 ,10.75,7.31,14.34,1.95,48.39,14.28,41.04,4.35,56.11,4:24.44,+2.6,+3.9,+1.0
276,8004,MikhailLOGVINENKO,19APR1984,RUS,3,Cheboksary(RUS),10JUN2011,1127, 11.26/-0.8 - 7.25/+0.3 - 13.77 - 1.97 - 48.72 / 14.32/+0.8 - 46.26 - 5.10 - 46.75 - 4:28.95 ,11.26,7.25,13.77,1.97,48.72,14.32,46.26,5.10,46.75,4:28.95,-0.8,+0.3,+0.8
278,8003,AttilaSZABÓ,16JUL1984,HUN,1,Budapest(HUN),03JUL2012,1127, 11.25/-2.7 - 7.28/+1.5 - 15.22 - 1.92 - 49.83 / 14.87/+1.0 - 45.32 - 4.55 - 68.87 - 4:40.77 ,11.25,7.28,15.22,1.92,49.83,14.87,45.32,4.55,68.87,4:40.77,-2.7,+1.5,+1.0
279,8002,FredriechPRETORIUS,04AUG1995,RSA,1,Pretoria(RSA),18MAR2017,1127, 10.74/+1.8 - 7.39/+1.2 - 13.30 - 1.96 - 49.98 / 14.61/+0.6 - 41.26 - 4.60 - 61.38 - 4:26.15 ,10.74,7.39,13.30,1.96,49.98,14.61,41.26,4.60,61.38,4:26.15,+1.8,+1.2,+0.6
280,8001,JasonDUDLEY,10NOV1984,AUS,3,Melbourne(AUS),21MAR2006,1126, 11.40/-1.9 - 7.27/+0.6 - 14.73 - 2.02 - 49.86 / 14.71/+0.1 - 50.10 - 4.50 - 69.27 - 5:03.82 ,11.40,7.27,14.73,2.02,49.86,14.71,50.10,4.50,69.27,5:03.82,-1.9,+0.6,+0.1
281,8000,PhilippIBE,05MAY1975,GER,4,Aachen(GER),08AUG1999,1126, 10.92/+0.8 - 7.68/+2.4 - 15.28 - 2.01 - 53.01 / 14.66/-0.1 - 44.66 - 4.80 - 60.49 - 4:53.69 ,10.92,7.68,15.28,2.01,53.01,14.66,44.66,4.80,60.49,4:53.69,+0.8,+2.4,-0.1
